max_number;door_length;wall_length;area;nb_door;nb_wall;cooling;heating
533;185;1036;1000;3;6;11254;11304
475;42;392;1000;1;4;13620;13868
632;0;2076;1000;0;6;14669;15872
476;74;396;1000;1;4;14640;14745
474;289;2248;1000;8;36;16897;16534
1269;0;950;1000;0;4;18579;18404
475;30;1428;1600;1;10;18945;18381
411;18;742;2000;1;8;19704;18510
789;197;1493;2000;4;12;20405;20443
598;286;1778;2000;4;8;20279;19209
775;380;2959;2000;2;12;21168;20599
578;44;1902;2000;1;14;21935;20383
279;252;1206;2000;5;10;23025;21267
583;257;2017;2000;3;14;23591;23072
546;414;2190;2000;4;8;23358;22419
530;455;2585;2400;5;12;24162;23391
365;158;1133;2400;3;7;24141;22546
726;542;2563;3000;4;11;24104;22551
503;234;1595;3000;4;11;26001;26043
652;61;1676;3000;1;14;24885;23254
554;61;2108;3000;2;15;25115;23324
289;319;1356;3000;6;13;26127;24205
1780;1139;6030;3000;4;12;26089;24244
923;721;3755;3000;4;13;25991;24464
1075;387;3256;3000;4;12;26230;23876
446;88;1312;3000;3;10;27165;27261
778;216;2510;3000;3;19;27048;24860
1045;780;4294;3000;3;10;26606;24561
370;198;1610;3000;3;11;27177;24537
651;358;1979;3000;4;14;28058;26049
1293;547;4422;3000;4;14;27618;24817
346;288;1437;3000;4;11;28045;26116
1104;490;3151;3000;5;13;28509;26495
523;360;1525;3000;5;10;29963;28436
284;152;1033;3000;4;17;30506;27447
610;86;1781;3200;2;9;30916;28667
581;499;2820;3200;4;16;30215;27398
1206;679;4048;3200;4;8;30637;27955
1213;297;3867;3200;2;12;30828;29823
381;122;1293;3200;4;10;31857;29732
470;285;1686;3200;4;8;31782;28553
388;309;1424;3200;6;13;30883;27496
372;258;1410;3200;5;8;31685;27816
231;28;394;3200;2;7;31321;29004
420;106;733;3200;3;11;31480;28375
436;92;2091;3200;2;9;31275;28465
371;137;1095;3200;4;9;31919;28623
598;350;2421;3200;4;10;32213;28721
384;129;1560;4000;3;11;32448;29488
385;210;1150;4000;6;18;32434;29215
291;128;1066;4000;3;9;33238;29656
360;281;1230;4000;5;14;33148;29024
944;735;3876;4000;5;12;33081;29219
492;202;1526;4000;5;15;33938;30317
1157;626;3577;4000;5;17;34785;30592
464;165;1723;4000;3;20;35028;32312
300;284;1415;4000;5;18;35286;31596
506;370;1843;4000;5;18;35462;32705
472;300;1685;4000;5;17;35087;30349
718;234;3152;4000;4;24;35640;31319
231;266;913;4000;7;16;35207;30827
606;555;2832;4000;6;9;35785;31338
360;272;1540;4000;5;9;36080;31657
514;320;1823;4000;5;19;35648;31829
373;192;1431;4000;4;19;36735;32538
309;237;1218;4000;5;16;36610;31957
541;412;2472;4000;5;9;36606;31779
309;104;1099;4000;3;19;36930;32853
777;345;2779;4000;4;14;36945;32182
443;254;2135;4000;4;15;37062;32583
314;408;1506;4000;6;17;36451;31353
277;260;1313;4000;6;14;36908;32647
1870;955;7591;4000;4;18;37479;32797
1031;507;3585;4000;5;9;39384;36912
385;349;1249;4000;6;13;39377;35723
796;551;3054;4000;6;20;38064;33417
373;154;1300;4000;3;12;39907;37053
463;388;1893;4000;7;18;39003;33696
1767;776;6476;4000;4;16;38735;34332
1012;436;3480;4000;4;21;38787;34281
534;381;2163;4000;6;14;39360;34328
568;646;2341;4000;7;10;39511;34750
422;173;1220;4000;4;14;39529;34416
427;276;1476;4000;5;14;40272;34447
612;306;1978;4000;5;13;39950;35640
1214;529;3986;4000;4;14;40744;35673
622;518;2324;4000;8;11;40895;37177
1322;1004;4847;4000;9;25;40472;34802
1118;159;3258;4000;2;15;40579;35381
586;349;2187;4000;4;15;40703;35650
504;381;1955;4000;6;15;40431;34846
309;218;1291;4000;5;18;40648;35109
1210;663;4413;4000;5;20;41007;36051
551;397;1957;4000;5;8;40682;35560
377;419;1570;4000;8;21;40729;36522
559;172;2056;4000;1;16;40951;35520
382;245;931;4000;5;16;41073;36379
394;293;1405;4000;5;17;41568;35487
384;244;1379;4000;5;11;41017;36590
233;202;926;4780;9;10;41785;36002
395;211;1504;4800;5;12;41403;36671
338;252;1632;4800;6;10;41288;36137
372;305;1682;4800;7;24;42157;38175
215;126;806;4800;5;8;42192;36755
253;113;1050;4800;4;22;42421;37188
327;253;1515;4800;5;9;41461;36704
516;620;2321;4800;8;23;41783;37212
1091;342;3774;4800;4;15;41394;35078
385;306;1365;4800;8;12;42566;36490
371;202;1600;4800;4;13;43323;39893
945;551;3511;4800;6;18;42210;36466
520;253;2562;4800;5;14;41815;36624
386;345;1750;4800;7;10;41674;35899
385;288;1838;4800;5;10;43290;38124
633;264;2376;4800;4;21;42726;36729
315;254;1300;4800;7;13;42437;37022
276;168;1210;4980;4;19;42594;37987
328;202;1362;4980;5;20;42622;37399
449;603;1675;5000;10;20;42652;37299
381;576;1718;5000;8;21;43219;38851
508;407;2776;5000;6;25;43745;37625
776;301;2712;5000;4;16;43788;38140
384;251;1500;5000;5;19;43320;38578
371;189;1295;5000;5;18;43937;37709
249;161;781;5000;7;24;43068;37314
357;443;1382;5000;8;26;43359;36614
504;104;1795;5000;3;23;44025;37743
371;180;1279;5000;5;20;43340;37652
1029;545;3211;5000;4;16;43589;38283
540;208;2325;5000;3;18;43443;36979
1243;1126;5357;5000;7;18;44584;38465
306;200;1132;5000;5;16;43688;38118
375;226;1539;5000;3;16;43690;37987
417;164;910;5000;6;18;43927;39617
983;884;4229;5000;5;16;44471;38308
548;397;1803;5000;6;16;44559;38100
1673;1984;8241;5000;6;16;44914;38927
778;797;3097;5000;7;18;44190;39309
462;312;2023;5000;4;17;44301;39170
369;311;1305;5000;8;18;44803;38381
623;435;2066;5000;7;19;44876;38445
330;325;1210;5000;7;20;45005;38814
418;294;1739;5000;4;16;44376;38452
898;308;3206;5000;5;20;44405;38965
391;299;1023;5000;9;16;44761;37747
571;311;2604;5000;3;18;44964;38290
419;277;1460;5000;5;18;44916;39361
1241;878;4863;5000;6;19;45224;39474
384;206;1459;5000;5;18;45185;39581
1684;2200;8240;5000;10;19;45067;39052
364;233;1683;5000;4;20;47005;40781
544;544;2356;5000;7;18;45902;39638
580;398;2417;5000;6;23;46180;39445
409;406;1357;5000;5;17;46126;39786
1136;554;3811;5000;5;18;46368;39758
588;342;2274;5000;5;19;46172;40017
709;404;2622;5000;6;18;46637;40461
421;419;1549;5000;7;18;45844;39366
391;442;1808;5000;7;19;45920;38986
475;170;1601;5000;3;18;45933;38954
634;683;2626;5000;7;18;46237;39424
475;250;1720;5000;5;23;46844;40269
385;278;1624;5000;6;22;46909;40768
339;260;1465;5600;7;13;46127;38784
482;467;2087;5600;8;12;46415;40344
383;492;2186;5600;10;11;46686;40442
394;273;1345;5600;7;19;47330;40484
387;234;1285;5600;7;12;47004;40842
1317;677;4126;5600;6;10;46816;40157
530;306;1887;5600;6;10;46872;39929
1837;1440;7833;5600;6;27;47160;40593
1123;633;4252;5600;6;12;46951;39859
953;719;3562;5600;7;25;48199;42407
1193;1216;7016;5600;5;12;48579;41515
524;294;2008;5600;6;11;49021;42202
352;210;1391;5600;5;10;47988;40422
380;269;1531;5600;6;23;47622;39749
288;231;1127;5600;8;16;48459;41034
472;408;2470;5600;7;14;48485;43770
1748;1653;6489;5600;7;21;49069;41109
372;246;1590;6000;5;24;48551;40564
397;253;1389;6000;7;21;49214;42594
470;233;1617;6000;5;20;49264;42174
365;359;1810;6000;6;19;48500;41702
481;390;1911;6000;6;21;48975;42672
326;355;1403;6000;9;22;48198;41160
1267;701;4401;6000;6;22;48603;42437
338;242;1639;6000;6;20;48894;41773
376;271;1667;6000;6;22;49633;43051
377;365;1893;6000;6;20;49694;41665
406;421;1786;6000;8;23;49410;41565
632;350;2487;6000;5;19;49589;41631
431;256;1306;6000;7;24;49787;42592
1714;1434;6568;6000;8;22;49797;42336
474;403;2112;6000;6;21;50515;42710
346;207;1269;6000;6;23;50191;42482
1207;492;4279;6000;6;24;50557;42568
373;450;1841;6000;7;21;49767;42864
569;138;2341;6000;4;30;50168;42768
1188;1534;4178;6000;9;17;51494;44353
371;428;1604;6000;8;22;51274;45962
385;458;1824;6000;9;23;51000;42667
460;329;1710;6000;6;19;51220;44841
864;507;3210;6000;6;21;51259;43790
304;201;1460;6000;5;18;50687;41991
382;257;1578;6000;6;22;51050;42800
1349;1156;6271;6000;6;22;51438;43600
563;414;1707;6000;9;22;51769;45125
509;401;2183;6000;6;24;50773;43677
994;754;4058;6000;5;21;50769;42675
371;235;1538;6000;5;20;50968;42618
337;550;1613;6000;8;24;51095;43580
622;554;2908;6000;6;20;51108;43727
404;243;1502;6000;6;22;51727;43621
545;327;1693;6000;9;22;51801;44306
412;236;1612;6000;5;20;51847;44406
1204;978;4472;6000;8;23;51341;43864
366;248;1397;6000;8;27;51651;43772
404;204;1508;6000;6;29;51545;43843
1409;640;5307;6000;5;20;52285;44057
380;274;1562;6000;5;18;51466;42742
1887;2461;9369;6000;9;21;53439;46820
592;357;2693;6000;6;24;51497;43753
933;832;4657;6000;7;26;52016;43046
520;685;2774;6000;8;21;52254;45037
1241;1484;6678;6000;6;24;52567;44010
377;281;1579;6000;6;20;53183;45829
533;350;2158;6000;6;20;52287;44437
379;214;1497;6000;5;25;52083;44615
335;198;1201;6000;6;19;52110;44237
377;351;1679;6000;8;22;52324;43623
1160;585;4218;6000;6;21;51663;42946
361;164;1306;6000;5;22;52069;43896
792;406;2958;6000;5;22;53152;44142
1203;804;4327;6000;8;20;52078;43170
1582;1025;8445;6000;6;25;52907;44601
609;430;2419;6000;5;20;53511;45842
581;466;2596;6000;6;19;52920;44476
1053;714;3390;6000;6;19;52586;44696
492;300;1968;6000;6;23;52982;46019
543;617;2393;6000;7;19;53879;46751
354;478;1662;6000;8;20;52526;43612
416;294;1566;6000;6;22;52963;44589
408;264;1638;6000;6;20;53282;46041
413;125;1940;6000;3;24;54112;46131
434;577;2255;6000;8;23;54298;45341
787;472;3701;6000;4;29;53396;44869
378;326;1594;6000;8;23;53262;45133
427;277;1644;6000;6;19;53731;45761
470;271;1806;6000;5;20;53242;45208
378;291;1682;6000;6;19;53784;45836
612;339;2268;6000;5;19;53521;44416
203;186;693;6000;8;17;55023;48094
610;288;2296;6000;7;21;53894;45097
274;226;1106;6000;6;21;54398;44983
250;301;1434;6000;7;22;55329;47832
450;422;1991;6000;6;24;54876;44785
571;614;2761;6000;6;20;54316;46206
361;243;1452;6000;5;23;54102;45530
1146;739;3876;6000;6;24;54822;46282
501;261;2019;6000;5;23;54582;46208
900;1100;6022;6000;8;29;55179;45921
1144;261;4025;6000;3;24;55644;47103
629;372;2258;6000;6;21;55692;46802
380;306;1416;6000;7;19;54840;46067
1079;1097;4669;6000;8;21;54365;46203
552;615;2981;6000;8;24;54932;46770
1205;681;4636;6000;6;27;55497;46319
437;286;1630;6000;7;19;55527;46753
350;107;1276;6000;2;25;56867;48680
388;316;1501;6000;7;21;58165;53535
390;435;2024;6000;8;26;57259;50109
343;157;1281;6000;6;25;56017;46916
380;319;1565;6000;7;22;55726;47200
358;260;1119;6000;7;25;55878;47474
1378;1278;5789;6000;8;23;55786;46814
466;470;2149;6000;7;19;55944;46078
1881;1679;6913;6000;7;20;56420;48112
299;364;1553;6000;7;19;56829;46780
372;304;1544;6000;7;21;57400;48027
413;490;1552;6000;10;20;56874;48728
328;292;1265;6000;7;22;57985;48364
386;629;2119;6000;11;20;57492;47526
485;299;1993;6000;5;24;56963;47668
569;690;2586;6400;7;19;56975;47890
399;322;1930;6400;7;14;57054;46986
368;306;1758;6400;6;12;57055;47825
544;727;3082;6400;8;11;57640;47197
512;457;2858;6400;9;11;57932;48438
403;172;1354;6400;7;17;58018;49548
376;285;1629;6400;6;23;56751;47398
373;512;2332;6400;6;11;57620;48576
633;396;2595;6400;6;12;58664;49962
282;187;955;6400;9;15;57597;47592
411;779;2606;6400;14;37;58204;48054
361;401;1863;6400;7;25;58625;48478
530;716;2772;6400;12;30;58935;48942
621;600;2570;6400;11;13;59324;49862
399;355;2107;6400;6;15;58402;47781
385;492;1783;6400;11;13;58711;49350
541;465;2640;6400;6;25;58800;48827
377;135;1479;6400;4;10;59102;50976
487;486;1944;6400;9;12;59352;49509
305;172;1246;6400;6;12;58533;48140
629;819;2731;6400;10;11;58906;48691
394;271;1647;6400;7;12;59616;50267
394;217;1366;6400;7;12;59744;49584
368;552;2119;6400;9;14;60364;49675
388;510;2239;6980;11;25;59996;49410
368;366;1501;7000;9;23;59952;49156
363;360;1966;7000;7;23;59709;48953
395;207;1474;7000;5;25;60168;49704
1170;858;4663;7000;7;30;60201;50241
1138;637;4856;7000;7;28;60887;52141
1335;596;4878;7000;5;26;59881;49690
512;267;1937;7000;8;31;61187;50041
375;365;1745;7000;8;22;60749;49782
404;335;1717;7000;6;29;61032;49966
334;280;1434;7000;7;22;61113;49896
1091;1818;5523;7000;11;25;60346;51026
587;680;2952;7000;10;26;62116;52018
1245;1201;6513;7000;7;26;60414;49361
384;444;1630;7000;10;25;61185;50124
386;258;1500;7000;7;28;62022;51713
1272;764;4675;7000;6;24;61069;51616
1295;692;4540;7000;6;27;61489;50326
378;273;1541;7000;7;23;62093;51955
1808;1212;7205;7000;6;22;62010;51553
371;306;1611;7000;8;32;61707;51300
603;688;2809;7000;8;22;62728;51387
374;808;2332;7000;13;23;61845;51262
354;200;1121;7000;7;26;63150;53781
910;429;3739;7000;4;24;62658;51172
377;709;1996;7000;11;23;63122;52894
633;463;2961;7000;8;25;62078;51199
632;458;2868;7000;6;24;62205;51236
383;289;1665;7000;7;23;62336;51463
389;186;921;7000;6;24;62623;51538
542;451;2155;7000;8;24;62461;52335
549;819;3001;7000;9;27;64498;54220
387;354;1815;7000;9;22;62480;51834
410;536;2298;7000;8;31;63015;52182
631;489;2971;7000;6;25;62505;50935
385;480;2058;7000;8;26;63762;53067
366;326;1599;7000;8;27;64453;53931
417;520;2615;7000;8;26;64245;53266
418;290;1687;7000;6;25;64074;52200
1868;868;7038;7000;5;20;64311;53346
1159;529;4110;7000;6;23;62962;51924
540;1097;2916;7000;13;26;64635;53426
451;444;2683;7000;7;23;64506;52965
1184;694;4318;7000;7;27;64493;53315
373;239;1468;7000;7;24;64912;53155
449;277;2169;7000;2;23;64304;52241
613;634;2486;7000;9;22;64153;52542
378;254;1507;7000;6;24;65318;54110
553;298;1990;7000;6;22;65526;54482
546;318;2261;7000;6;24;64569;53491
532;290;2586;7000;5;30;64636;53791
390;270;1789;7000;6;23;65371;53531
462;417;1838;7000;7;22;66447;57352
276;230;1052;7000;8;31;64530;53219
357;220;1323;7000;7;23;65412;54827
558;414;2326;7000;7;25;65203;53676
362;328;1798;7000;6;27;65753;54297
550;374;2047;7000;7;24;66458;55540
370;926;2300;7000;14;28;65387;53342
264;320;1370;7000;8;24;65260;53478
325;253;1094;7000;9;20;65779;54078
1088;630;4168;7000;8;27;65991;53708
550;390;2202;7000;7;25;65992;53617
389;297;1709;7000;7;24;65127;53392
1367;984;4991;7000;9;28;67715;59583
460;395;1899;7000;7;23;65448;53743
424;355;1856;7000;5;25;65519;53776
1050;169;3436;7000;2;23;65933;54209
370;248;1385;7000;7;24;66544;55735
438;296;2113;7000;6;26;66147;54138
472;299;1902;7000;6;23;67292;55819
1366;578;4787;7000;6;26;66786;53954
1225;2679;7815;7000;13;27;67259;55302
610;1057;2869;7000;13;27;67627;55778
413;257;1998;7000;6;26;66149;54066
405;220;1528;7000;6;24;66313;54819
320;449;1580;7000;9;21;66988;55590
288;268;1692;7000;6;24;66288;54524
626;324;2133;7000;7;24;66787;54316
860;421;3037;7000;6;25;67424;56332
910;680;3349;7000;8;23;68315;58757
623;503;2594;7200;8;13;66857;55326
611;508;2933;7200;7;36;67199;54801
589;411;2645;7200;6;23;68034;56868
924;623;3342;7200;7;13;67836;57504
427;309;2274;7200;8;18;68132;55661
591;899;3143;7200;11;14;67464;54686
313;330;1652;7200;7;14;67612;55282
430;467;2006;7200;9;16;68541;59501
418;309;1748;7200;8;14;68261;55628
592;841;3893;7200;9;29;68397;55555
410;565;2253;7200;13;16;67480;55300
536;370;2245;7200;7;12;68291;56846
547;445;2495;7200;8;26;67764;55279
531;729;3216;7200;7;15;67887;55132
473;647;2265;7200;14;32;68134;56425
353;654;1899;7200;14;13;69202;56230
468;782;3120;7200;11;13;68986;56972
491;263;2101;7200;8;18;69679;57272
592;694;3413;7200;11;14;69054;55560
393;378;1862;7200;8;16;69003;56375
367;586;2465;7200;10;13;69027;56639
325;455;1901;7200;11;16;69671;56474
411;348;2349;7200;8;27;70509;57281
393;291;1477;7980;8;30;70552;57729
484;319;2304;7980;6;30;70058;56895
261;393;1376;7980;11;31;69865;56320
342;219;1806;8000;8;29;71315;58623
409;266;1683;8000;6;26;71350;59272
393;286;1446;8000;8;13;71204;57476
627;404;2943;8000;7;28;70498;56854
348;423;1819;8000;12;15;71004;57559
379;284;1525;8000;8;14;71996;58844
1318;716;4898;8000;6;25;70627;57611
582;1233;3593;8000;15;30;70900;57650
508;450;2096;8000;9;26;72518;59743
1243;424;4545;8000;5;31;70803;57739
276;337;1421;8000;10;26;71381;57375
404;325;1486;8000;9;27;72071;59907
622;355;2426;8000;6;27;72219;58943
634;543;3266;8000;10;34;72322;58817
417;415;1837;8000;9;14;71603;59205
411;330;2352;8000;7;15;71850;58727
424;419;2052;8000;8;29;72805;61262
626;440;2537;8000;9;28;71675;58648
574;872;2810;8000;11;26;71973;58410
418;404;1887;8000;10;33;72099;59924
1277;890;4828;8000;8;31;72174;59431
568;380;2329;8000;8;32;72208;59874
317;466;2124;8000;10;28;71963;57955
547;679;3086;8000;12;19;71641;58104
543;305;1964;8000;7;25;73411;61339
1317;870;4761;8000;8;24;72610;59411
566;952;3143;8000;12;27;72107;58422
430;233;1672;8000;5;25;72986;58772
399;220;1598;8000;8;28;74303;60351
632;544;3013;8000;7;28;74224;60432
621;1080;3608;8000;12;30;74224;60432
1012;1448;6062;8000;11;36;73221;60091
301;238;1266;8000;7;32;73162;58906
1206;833;4400;8000;7;14;74064;60203
566;885;3059;8000;11;15;74069;59561
1722;703;5775;8000;4;23;73294;59968
1299;890;4643;8000;9;14;76761;66551
342;281;1768;8000;6;26;75475;62022
1889;1315;8368;8000;6;14;74586;59989
362;627;1925;8000;13;27;74663;60516
241;283;1539;8000;10;28;74425;60047
367;396;1910;8000;9;16;75015;60806
1892;2223;10254;8000;8;31;75272;60772
1414;609;5559;8000;5;32;75019;60628
910;627;3393;8000;8;17;75215;60493
366;548;2938;8000;13;45;74963;61566
474;773;2520;8000;11;30;76508;62655
469;337;1936;8000;8;33;74973;60389
546;711;2765;8000;10;28;75272;60925
603;946;3452;8000;11;29;75722;60893
267;377;1735;8000;12;17;75960;62089
623;342;2584;8000;6;27;76237;62288
422;344;1838;8000;7;31;75602;60654
319;159;1440;8000;4;28;76416;62188
364;302;1396;8000;10;30;76439;62033
1208;604;4630;8000;7;31;76911;62023
303;219;1255;8000;8;29;77289;62274
422;390;1936;8000;9;31;76315;62238
475;591;2340;8000;8;26;75723;60730
397;243;1646;8000;8;32;76436;62380
426;411;1940;8000;8;25;77058;62388
377;332;2375;8000;8;18;76935;61828
491;282;1997;8000;8;34;78440;65357
288;170;1135;8000;6;29;76939;63009
463;408;2399;8000;10;14;77360;62669
442;671;2010;8000;15;31;77534;62853
1381;721;5698;8000;5;26;78240;63068
588;547;2439;8000;9;30;78513;64636
437;541;2308;8000;12;17;77408;61882
390;229;1512;8000;8;27;78543;63942
313;231;1187;8000;6;27;77737;62743
414;809;2795;8000;15;31;78311;63999
386;309;1508;8000;8;28;77761;62482
1323;1955;7335;8000;9;25;78185;63461
382;272;1718;8000;7;29;78540;64954
386;664;2218;8000;11;25;77631;62632
729;743;3827;8000;10;35;78308;62975
350;409;1716;8000;11;14;79266;65566
1724;3283;9479;8000;11;28;78847;64172
365;666;1947;8000;13;26;78911;63535
574;545;2496;8000;11;13;79543;64017
463;341;1862;8000;8;27;80173;65338
1318;876;4982;8000;6;27;80069;65626
1298;1019;4717;8000;9;31;78766;62882
396;367;1876;8000;8;30;79262;63481
496;422;1877;8000;9;29;80120;64133
256;203;1312;8000;9;29;80482;65971
455;132;1577;8000;3;25;79342;64312
405;372;1604;8000;10;28;79701;63894
1363;1177;5009;8000;6;26;79206;63777
277;116;1242;8000;6;28;79356;63259
624;570;2731;8000;9;32;80092;64435
820;810;6272;8000;9;19;81169;67606
1350;776;5236;8000;7;26;81442;65306
1091;562;5203;8000;9;35;80433;65102
974;666;4093;8000;6;24;80891;64826
298;185;1189;8000;8;30;80528;64841
418;676;2346;8000;11;25;81093;64367
457;342;1928;8000;9;13;80574;65422
362;486;1567;8000;11;31;82054;66124
623;840;3579;8000;11;30;81492;65696
465;420;1866;8000;9;27;80678;64803
628;359;2361;8000;7;12;81305;64598
387;546;2309;8000;10;28;81404;65275
347;288;1532;8000;6;27;81564;65402
494;300;2125;8000;8;18;83000;67723
372;581;2064;8000;12;15;82775;67183
593;557;2491;8000;9;31;82341;65952
859;649;3481;8000;8;33;82330;65349
629;444;2772;8000;6;23;82338;65908
494;313;1928;8000;8;28;83163;66634
357;702;2312;8000;12;27;82631;66091
513;486;2191;8000;12;13;83142;65932
408;695;2318;8000;12;27;82455;66116
364;278;1393;8000;9;30;82878;66350
372;609;2030;8000;12;17;82984;67148
398;571;2456;8000;9;27;83435;69114
347;261;1535;8000;7;27;83350;67124
633;893;3658;8000;10;25;84966;70007
348;514;1839;8000;11;16;82802;66063
332;279;1533;8000;7;23;82870;66169
1151;490;4772;8000;5;29;83068;66225
378;322;1526;8000;9;25;84293;68220
416;679;2374;8000;13;36;83586;66922
385;260;1411;8000;8;29;83252;66976
470;812;3110;8000;13;20;83895;67440
357;375;1501;8000;10;32;84290;68111
626;639;2775;8000;8;18;85041;69095
572;599;2853;8000;10;28;83458;66618
355;313;1708;8000;9;33;84346;68908
588;537;2535;8000;7;24;85038;69391
440;329;1600;8000;9;28;84030;66758
464;306;1922;8000;6;16;84709;68664
545;434;2356;8000;7;27;85163;67851
1200;589;4485;8000;6;26;84506;67435
408;427;2045;8000;9;24;86394;70995
384;589;2309;8000;10;26;84885;67891
494;278;2121;8800;8;19;85650;69472
403;579;2328;8800;12;18;84961;68599
339;619;1991;8800;16;13;84927;68101
503;594;2487;8800;12;35;85657;69061
494;679;3088;8800;13;14;85672;67353
264;431;1823;8800;14;16;85461;67595
1138;627;4911;8800;6;19;86567;69582
379;607;2150;8800;12;15;86806;69285
766;777;4231;8800;8;16;85764;68171
629;673;3246;8800;8;15;85612;68941
443;293;1697;8800;8;15;86726;68551
551;584;2963;8800;10;15;86151;68277
451;631;2482;8800;12;14;86814;70229
581;329;2451;8800;6;13;86096;68537
419;301;1829;8800;7;13;86096;68537
590;857;3941;8800;12;17;87356;69514
414;995;2319;8800;16;30;87002;69792
933;870;4296;8800;8;12;87846;70477
627;317;2015;8800;8;16;87608;69990
385;407;2238;8800;10;15;87778;70868
394;564;2441;8800;12;15;87533;69245
439;889;2909;8800;15;36;87612;70888
254;508;2088;8800;12;38;87727;70638
487;727;3294;8800;9;34;87270;69400
423;285;1768;8800;9;37;89026;72544
432;283;1804;8800;7;15;87716;69344
412;537;2313;8800;10;18;88122;70545
418;344;1904;8980;10;37;87729;69468
417;259;1626;8980;8;34;88803;70712
672;745;2766;9000;11;33;88746;71387
379;504;2576;9000;10;35;88834;70486
233;173;1018;9000;7;26;88643;70970
356;288;1434;9000;9;33;89138;70196
624;1266;3853;9000;14;34;88715;71387
1238;711;4653;9000;6;30;89438;71697
1230;699;5026;9000;7;32;89060;71319
390;471;2092;9000;11;28;88812;70531
385;397;1633;9000;11;33;90313;72607
967;1381;6536;9000;9;29;89071;71114
376;620;2391;9000;11;27;89864;71263
397;524;1579;9000;13;24;90007;71677
362;306;1455;9000;9;32;89957;71596
1363;1242;5330;9000;9;32;89972;72043
1371;783;5052;9000;6;27;89791;71156
232;221;1143;9000;8;27;90318;72632
1200;516;4270;9000;6;26;92502;74423
392;316;1877;9000;8;29;91124;72796
599;596;2983;9000;9;30;90339;71591
1896;2009;10122;9000;9;31;91547;72381
559;1072;3607;9000;13;32;92247;73662
443;524;2416;9000;10;30;91137;72212
421;603;2191;9000;10;33;91184;72838
632;992;4187;9000;11;33;91292;73262
341;425;1883;9000;11;32;91404;73838
1194;1982;7163;9000;9;32;92658;73633
633;405;2770;9000;8;32;91255;72406
500;278;2706;9000;5;37;92161;73811
401;618;2511;9000;11;35;92722;74297
1160;622;4625;9000;5;26;92282;72986
414;738;2537;9000;13;36;92594;73283
547;377;2274;9000;8;30;92668;72823
319;154;1245;9000;7;36;91885;73796
1180;567;4303;9000;5;32;92473;73034
441;634;2015;9000;11;27;93368;75749
389;680;2201;9000;13;28;92713;72444
347;550;2055;9000;12;30;93134;74433
411;282;1776;9000;7;26;93234;74547
354;264;1733;9000;7;34;93688;74507
344;529;1490;9000;13;33;92260;73205
851;487;5126;9000;7;36;92800;75591
675;690;3382;9000;10;40;93208;73704
362;640;2104;9000;13;30;92616;73970
330;326;1465;9000;9;30;92379;73806
401;619;2407;9000;10;33;93595;75934
727;1096;3804;9000;14;28;92811;73883
571;573;2541;9000;13;43;93299;75139
393;253;2055;9000;7;31;93334;74384
390;256;1400;9000;7;27;94245;74710
496;540;2141;9000;10;27;94463;75168
393;600;2032;9000;13;34;94940;74629
517;745;2777;9000;13;32;95403;77951
591;594;3092;9000;10;34;94519;74436
474;483;2566;9000;10;32;94957;74829
423;542;2058;9000;13;31;93867;74215
410;372;2105;9000;9;37;94975;75173
551;603;2486;9000;10;26;95254;78422
949;743;4514;9000;7;27;95667;77591
1895;3174;11088;9000;15;35;97424;80547
485;720;2753;9000;13;32;96749;76999
494;398;2152;9000;9;37;95583;74587
1527;3081;9490;9000;14;29;95185;75419
1260;2167;7443;9000;12;31;96785;76400
385;275;1560;9000;8;29;96505;77541
349;312;1805;9000;8;34;95981;77623
395;267;1612;9000;8;30;96448;76121
1893;1157;9169;9000;8;28;97163;77864
384;289;1458;9000;8;29;96805;75676
306;288;1591;9000;8;32;96071;75708
633;682;3786;9000;8;31;96370;76533
563;893;3184;9000;12;29;96494;76528
392;269;1547;9000;8;36;96677;76719
355;1016;2393;9000;16;35;97453;76907
592;447;2486;9000;7;28;98265;77570
425;238;2066;9000;7;35;98023;77522
394;424;2260;9000;10;35;97631;78603
1162;1276;7471;9000;10;29;97850;77766
419;448;2223;9000;9;30;97731;77323
633;475;2726;9000;8;33;98387;78307
417;495;1944;9000;13;32;97768;76424
954;708;3350;9000;9;31;99455;81973
379;437;2099;9000;10;30;98607;78450
633;497;2466;9000;9;29;98010;76490
573;796;3463;9000;10;29;98911;77248
618;682;3745;9000;12;33;99816;79109
420;328;2134;9000;9;35;99081;79246
384;331;1691;9000;8;30;99592;78310
340;191;1341;9000;6;34;99489;77931
427;282;1686;9000;6;27;98845;78056
358;305;1812;9000;9;34;99588;79432
1159;1820;6845;9000;13;29;100458;79977
378;288;1626;9000;7;30;100348;79043
837;334;3523;9000;6;33;100623;79288
632;384;2879;9000;7;33;101570;80265
1316;862;4879;9600;8;28;100472;80926
281;309;1391;9600;9;18;101663;80209
308;325;2159;9600;9;20;100474;79144
458;554;2641;9600;13;15;101903;81698
340;398;1853;9600;10;18;101682;81663
571;952;4968;9600;14;40;102020;81988
376;561;2404;9600;14;40;102251;81892
427;239;1769;9600;8;17;100863;79605
390;637;2499;9600;14;36;101480;81281
492;743;2780;9600;12;17;102975;81261
885;1189;5564;9600;12;15;102641;81617
608;894;3523;9600;10;18;102128;80119
222;210;1383;9600;10;22;102290;79776
415;331;2162;9600;10;36;101834;79512
740;1086;5042;9600;13;19;102882;81224
473;676;2937;9600;13;17;103181;81688
398;214;1919;9600;9;21;103407;81725
363;789;2502;9600;17;39;103110;81165
344;623;2467;9600;12;16;102712;81057
338;143;1317;9600;5;17;102293;81098
493;276;2102;9600;7;16;102960;81530
621;1042;3392;9600;14;17;102452;80403
482;838;2982;9600;14;15;103420;82676
886;1687;6196;9600;14;16;103973;82413
471;384;1801;9600;8;33;103366;80348
385;413;1920;9600;14;32;103607;81176
498;600;3201;9600;10;17;104384;81764
420;614;2168;9600;15;35;104440;83231
429;539;2303;9600;13;19;105284;82546
394;375;2151;9980;11;35;103225;80599
297;541;2165;9980;12;37;104038;81084
273;499;1670;9980;12;31;103565;80942
386;480;2233;9980;13;39;104872;84145
1251;1914;7498;10000;9;32;105300;84115
292;310;1798;10000;8;36;104304;81677
384;461;1994;10000;11;33;105590;84870
289;497;2112;10000;13;46;106044;85967
422;652;2471;10000;13;31;105091;81809
1255;599;5194;10000;6;35;105057;81866
327;282;2019;10000;8;29;105747;83447
968;1181;5375;10000;11;33;105854;84121
365;258;1620;10000;10;34;105721;83532
426;358;2009;10000;8;32;106128;84743
492;263;1994;10000;7;34;106732;85749
592;390;2438;10000;8;34;106943;84708
419;179;1594;10000;6;32;107063;83251
395;584;2240;10000;14;33;107524;83838
345;373;1713;10000;13;30;108519;84981
414;355;1749;10000;10;35;108904;85985
420;281;1898;10000;9;46;108219;84234
548;342;2368;10000;8;36;108020;84034
1117;700;4881;10000;7;30;108299;83943
528;340;2406;10000;11;44;108827;84872
366;560;2277;10000;14;33;109287;85204
407;657;2463;10000;10;33;109040;85818
399;354;1829;10000;10;31;109595;86078
483;671;2912;10000;13;37;109877;88604
716;770;3246;10000;10;40;109644;85089
339;394;1731;10000;7;37;111033;87494
411;464;2435;10000;10;36;110926;86326
348;479;1874;10000;10;29;111795;88530
367;613;2406;10000;12;37;110401;85838
381;724;2268;10000;14;33;111513;86401
377;623;2633;10000;10;29;111539;86791
301;787;1977;10000;15;31;111743;88302
493;349;2039;10000;9;36;111996;86862
268;356;1647;10000;10;31;113703;92641
541;714;2924;10000;12;36;112733;88511
435;249;2563;10000;6;33;111650;86932
403;251;1553;10000;6;31;112470;89333
398;380;1993;10000;11;32;112596;88319
559;703;3383;10000;13;37;112996;89693
474;759;3132;10000;12;30;113234;87955
951;1308;6111;10000;13;38;113070;87668
888;1219;5412;10000;11;36;112958;87766
538;971;3488;10000;13;37;113136;87517
339;452;2217;10000;13;38;113514;89477
630;278;2298;10000;4;25;114404;90192
493;682;2797;10000;12;34;114506;90650
433;351;2134;10000;7;33;114851;89553
494;723;2901;10000;11;35;114859;89900
412;618;2280;10000;14;31;115968;90720
492;599;2548;10000;12;36;116632;91064
590;611;3403;10000;8;31;117501;91520
493;1112;3157;10000;13;32;117882;91489
548;340;2123;10000;8;35;116047;89393
420;571;2357;10000;13;40;116465;90552
435;246;1778;10000;9;33;117092;91416
524;860;3746;10000;14;32;117925;95052
579;776;3250;10000;12;34;116620;90338
392;483;2434;10000;12;35;117053;90251
298;237;1200;10000;8;32;117406;90422
463;269;2032;10000;8;33;119791;95947
325;125;1362;10000;5;30;119088;94099
619;583;3051;10000;10;39;118340;91535
408;686;2238;10000;14;36;118452;91895
633;516;2426;10000;10;35;118452;91895
532;1111;3694;10000;13;34;117892;90939
461;308;1895;10000;7;34;120958;94814
247;474;1601;10000;12;34;118771;92920
398;301;1917;10000;9;31;118804;91448
978;616;4246;10000;8;31;120107;92860
572;678;2933;10000;10;29;119941;93926
402;573;2481;10000;13;35;120059;93076
386;775;2724;10000;15;34;119912;92178
882;1046;5203;10000;10;31;120951;95042
341;232;1213;10000;9;27;121125;94680
372;502;1679;10000;13;35;120999;93677
380;607;2622;10000;9;31;121099;95190
314;393;1664;10000;12;31;121238;93781
481;554;3546;10000;13;41;121635;95332
379;430;2158;10000;13;37;121913;95648
298;355;1643;10000;10;35;122845;95919
1000;1313;6212;10400;9;16;121946;95383
331;424;1944;10400;13;15;121995;93809
391;573;3277;10400;16;26;122098;96667
491;839;3396;10400;13;17;123448;95258
591;771;3727;10400;12;39;122585;94533
441;604;2253;10400;13;18;123571;98118
442;656;3091;10400;15;19;123444;95635
295;477;2165;10400;13;23;123467;96452
286;423;1939;10400;10;17;126199;97760
437;813;3548;10400;17;42;124009;96018
567;706;3436;10400;13;45;124805;97742
492;397;2310;10400;8;19;126059;97613
384;484;2328;10400;12;45;125199;96168
504;456;2225;10980;9;40;126026;98409
277;391;1820;10980;11;37;125422;98499
382;502;2253;10980;12;38;125506;96193
274;511;2137;11000;15;38;126065;99988
418;531;2604;11000;13;40;126269;100050
473;896;3166;11000;15;35;126449;98502
354;289;1736;11000;8;33;126497;99977
1225;371;5204;11000;4;37;126172;98428
387;478;2431;11000;11;41;126442;97536
427;539;2412;11000;13;40;126579;97214
442;502;3191;11000;10;43;127023;97482
395;453;1979;11000;14;37;126755;97438
634;900;3666;11000;13;38;127786;101458
372;456;2299;11000;11;37;127253;98830
613;995;3799;11000;13;33;127936;100443
392;601;2620;11000;13;35;128169;99971
482;823;3174;11000;13;39;128956;100148
385;608;2442;11000;15;38;129001;99093
302;424;1698;11000;12;38;131953;104038
802;559;3412;11000;9;38;129185;99445
633;1037;3995;11000;16;39;129574;99447
442;627;2744;11000;12;36;131424;102519
1893;1550;11168;11000;9;35;130951;100428
632;744;3846;11000;13;44;131643;102567
1811;3592;9360;11000;15;32;131679;102795
393;501;2141;11000;13;34;131583;101483
974;1141;5587;11000;14;43;131166;101483
593;928;3528;11000;13;36;131553;102591
883;1214;5722;11000;11;35;131525;101311
306;444;1589;11000;15;37;133473;101917
453;908;3364;11000;14;41;133844;104653
363;654;2485;11000;15;41;133738;102635
493;333;1964;11000;8;38;134576;104845
1578;1770;9191;11000;10;39;134260;102369
369;233;1636;11000;7;35;135559;105752
460;412;2601;11000;10;34;135433;104512
786;1583;5564;11000;18;45;136074;104064
397;566;2384;11000;15;43;135677;105116
614;856;3858;11000;12;34;135683;104384
275;294;1182;11000;12;35;136904;105144
566;401;2477;11000;9;33;135731;105202
573;587;2847;11000;10;35;137042;104756
438;708;2587;11000;15;37;136861;105110
490;845;3402;11000;13;36;137674;106349
917;1185;5808;11000;11;39;138591;107239
473;482;2088;11000;12;33;137543;106516
417;715;2509;11000;15;38;138462;106884
485;787;3070;11000;12;36;138797;107026
288;331;1662;11000;15;36;140183;108207
373;757;2413;11000;14;40;140921;111806
494;328;2320;11000;8;41;139905;106858
626;1119;4441;11000;13;35;140765;108477
435;793;2601;11000;14;35;140486;106870
584;435;2765;11000;10;35;140734;108126
372;618;2257;11000;12;36;141024;110326
985;1468;6375;11000;13;37;142754;110347
705;1244;5046;11000;13;35;142579;109925
492;383;2413;11000;8;39;144370;110024
629;747;2923;11000;13;37;144534;111086
400;341;1781;11000;9;35;145342;112006
378;507;2025;11000;13;36;145788;111485
554;1003;3747;11000;12;35;144909;111446
491;744;3068;11000;14;45;146077;111345
542;757;3164;11000;12;34;147920;117856
484;365;2607;11000;7;37;146415;111500
952;679;3565;11000;8;33;145808;113796
468;593;2605;11000;13;40;147327;114414
392;545;2421;11000;12;35;147595;113007
356;553;2067;11000;12;35;146805;113853
475;434;2462;11000;4;34;147481;113403
472;1004;2792;11000;14;38;147154;111998
634;1161;4047;11000;15;47;147531;113359
412;1141;2730;11000;20;34;148064;113725
458;743;2977;11000;12;36;148452;113981
370;638;2470;11000;13;36;149572;115723
580;995;3469;11000;10;36;149561;115917
910;727;3698;11000;8;42;150287;114354
312;486;1807;11000;13;37;150846;114573
539;382;2487;11000;9;36;151642;115811
384;663;2483;11000;15;40;152497;116818
858;265;3533;11000;4;33;154876;118270
407;969;3077;11000;16;36;153652;116690
985;894;5602;11000;12;48;153653;117890
427;510;2377;11000;13;42;153293;117457
395;476;2396;11000;11;35;155509;120518
409;436;1891;11000;10;37;154598;117916
383;554;2433;11000;14;41;154633;117873
388;246;1636;11000;7;36;155056;119054
329;674;2018;11000;19;35;155415;119342
540;791;2822;11000;15;36;157140;125720
623;391;2874;11000;7;32;159346;125223
474;915;3386;11000;17;38;156957;118348
400;374;2368;11000;9;36;157847;119878
385;511;2232;11000;11;36;157760;120137
542;1004;3922;11000;14;39;158910;120299
628;594;3081;11000;9;36;158157;120134
355;291;2110;11000;9;36;159588;122259
392;598;2196;11180;12;22;159662;121055
610;612;3901;11200;10;40;159787;122642
1210;539;5290;11200;6;32;159785;121973
275;339;1600;11200;12;33;160919;121494
454;965;3755;11200;18;44;160847;121994
338;569;2684;11200;16;22;161591;123172
413;688;2628;11200;15;18;161908;122277
1316;3265;10057;11200;14;18;162906;124604
678;864;3813;11200;13;19;162474;123200
371;179;2151;11200;7;18;163762;123558
425;544;2615;11200;13;23;163917;126249
418;657;3017;11200;13;43;165281;126134
503;361;2196;11200;7;30;162576;124050
633;626;3424;11200;9;21;163843;124584
454;615;3020;11200;18;25;164218;123631
475;545;3341;11200;13;18;164424;126396
588;995;3900;11200;17;17;165052;124503
274;429;1551;11200;12;17;165229;124619
397;432;2052;11980;12;43;166455;125359
490;529;2761;12000;13;48;167073;125777
469;687;2904;12000;15;21;167891;129059
357;561;2140;12000;13;41;168620;127779
468;783;3313;12000;15;41;168714;127311
606;1108;4032;12000;14;40;169595;129116
462;844;3203;12000;12;35;170248;129660
252;409;1542;12000;16;46;170437;129334
458;672;2887;12000;11;35;170437;130175
428;335;1833;12000;9;38;169352;127794
415;620;3020;12000;12;25;171854;130129
279;347;1619;12000;12;40;171703;128310
503;874;2764;12000;14;40;171878;129675
452;692;2853;12000;12;49;172801;131729
423;497;2499;12000;9;34;174871;132854
493;280;1948;12000;8;32;172922;132193
411;509;2374;12000;14;42;173299;130348
603;1410;4299;12000;15;35;174389;130908
994;724;5923;12000;12;46;175788;134187
398;545;2286;12000;14;19;176188;134770
939;1267;5332;12000;7;36;175363;133576
419;478;2362;12000;12;38;174736;133305
626;1083;4049;12000;18;37;175092;132263
430;693;2637;12000;16;46;174819;131938
340;606;1783;12000;14;43;175555;134338
408;537;2376;12000;14;40;176466;132249
410;655;2430;12000;17;37;177037;133707
443;560;2880;12000;11;42;177782;133374
395;542;2336;12000;14;42;178282;134130
975;1950;7092;12000;14;40;178888;135799
466;879;3828;12000;12;23;179438;134375
489;716;3159;12000;14;21;180062;136152
372;426;2148;12000;12;24;179578;134809
352;237;1731;12000;7;37;180171;137124
394;275;1677;12000;8;37;180816;137569
419;588;2709;12000;14;44;180706;134933
443;754;3229;12000;13;36;181580;136834
441;469;2514;12000;12;38;180993;136370
492;827;3196;12000;15;53;181922;136096
473;738;2851;12000;15;45;183587;140062
359;174;1134;12000;7;37;184148;140634
352;411;1822;12000;13;38;183091;138338
985;914;4738;12000;8;40;183794;138112
1106;1682;6905;12000;12;39;183414;138912
384;514;2466;12000;12;18;184367;138299
394;437;2349;12000;9;38;184871;140275
372;468;2124;12000;12;37;184839;138227
381;418;2135;12000;12;40;186137;139892
552;920;3886;12000;14;40;185988;141370
387;476;2308;12000;13;46;186134;141504
514;916;3425;12000;15;41;188182;141798
633;925;3991;12000;14;38;190283;144246
298;454;1913;12000;13;35;188785;142115
492;429;2352;12000;10;40;189567;143056
588;595;3526;12000;10;40;189876;142217
397;507;2269;12000;12;44;191669;143431
288;465;1858;12000;13;38;193755;145243
381;449;2010;12000;11;36;194809;145375
386;615;2659;12000;17;19;195055;145355
1893;2729;12760;12000;12;39;195621;146203
419;892;3187;12000;15;20;197511;147986
450;802;2855;12000;15;44;197552;147159
627;555;3298;12000;9;19;199585;152861
599;421;2605;12000;10;38;197609;148497
1158;826;6354;12000;11;40;199049;150490
332;584;2147;12000;14;47;198232;147734
291;406;1660;12000;17;39;199453;148326
983;531;3901;12000;8;36;202929;151934
424;554;2311;12000;13;40;203090;151808
984;714;5333;12000;7;39;204021;151849
551;935;3262;12000;13;38;205126;153279
413;573;2508;12000;12;38;205632;154199
457;382;2013;12000;12;43;205016;152702
424;484;2605;12000;11;39;206940;155138
435;310;2330;12000;6;39;208182;156742
1312;946;5253;12000;9;38;206813;154515
592;1233;4295;12000;17;46;208072;157338
388;544;3106;12000;13;21;207355;154997
633;904;4023;12000;14;39;208821;155567
633;684;4084;12000;12;48;211369;158553
552;936;4164;12000;15;41;209553;156951
412;499;2414;12000;11;49;209944;156986
1889;1995;10470;12000;12;41;212307;158169
361;440;1940;12000;13;37;213267;159038
389;580;2633;12000;15;43;213216;162978
401;338;2378;12000;10;43;213819;159386
378;661;2666;12000;15;40;213242;159590
488;761;3418;12000;14;48;215960;159683
1885;1789;10489;12000;10;41;215233;159945
489;776;3238;12000;12;36;218054;163779
625;736;3647;12000;11;40;220244;163991
340;433;1877;12000;11;39;219829;162889
374;767;2695;12000;17;43;220618;164666
249;276;1311;12000;13;36;221009;163615
488;534;3858;12800;13;29;225387;169716
629;847;3944;12800;13;19;223901;166971
367;831;3227;12800;18;57;224644;168097
498;815;3262;12800;14;19;226353;169783
459;607;3028;12800;15;17;225741;167024
414;503;2434;12800;14;25;228126;170587
396;513;2392;12800;15;22;226435;168666
361;311;1988;12800;13;24;226059;167783
401;435;2344;12800;10;17;228042;170047
467;645;2937;12960;12;41;228593;169179
427;729;2680;12980;15;42;229546;169068
229;461;1466;12980;18;41;231857;172498
398;744;2472;12980;18;44;232950;172187
473;521;2122;13000;11;36;234612;173305
927;639;3614;13000;11;41;236282;175407
420;621;2719;13000;12;41;240157;178992
411;742;2575;13000;17;46;238970;176044
598;791;3331;13000;10;37;240447;179508
329;649;2600;13000;17;42;241135;178955
497;755;2886;13000;13;40;243652;180783
804;1139;5818;13000;13;51;242470;178754
361;320;1680;13000;11;43;246166;182938
1893;2077;11951;13000;16;44;246502;183055
875;1251;5339;13000;14;47;245407;182024
276;318;1631;13000;9;35;252176;184828
634;874;3468;13000;17;47;252304;186849
394;314;2465;13000;10;41;253152;185821
875;763;3990;13000;8;36;253879;187473
466;503;2602;13000;12;40;256475;189226
713;1023;4463;13000;13;37;257111;190660
492;481;2521;13000;11;44;260652;191186
475;685;2851;13000;17;47;266786;201988
354;541;1721;13000;19;45;270383;199409
368;327;2035;13000;7;46;271293;198730
1275;1385;7388;13000;10;35;277241;204062
582;1522;4225;13000;18;43;277820;204289
1733;1330;9878;13000;9;44;287952;213689
593;694;3597;13000;11;42;290291;213872
356;549;1842;13000;14;39;292431;214828
409;417;2154;13000;13;37;292307;215465
424;510;1838;13000;13;46;300140;218462
491;896;3535;13000;15;38;302131;222879
487;708;2689;13000;12;44;307769;224840
462;624;2819;13000;12;40;307019;223397
266;383;1757;13000;18;44;322817;234419
427;541;2612;13000;10;40;328489;242258
381;333;2196;13000;11;38;329530;239288
494;368;2628;13000;8;37;337653;248900
389;455;2147;13000;14;43;340342;246961
298;545;1929;13000;16;43;341381;247686
575;859;3493;13000;15;46;342832;248866
583;921;3556;13000;14;45;347875;253303
387;557;3082;13000;11;40;347336;251972
393;531;2378;13000;14;41;347562;251678
958;1666;5610;13000;14;41;349685;257004
472;640;3286;13000;12;43;348650;252943
439;827;3359;13000;16;42;353345;255718
488;561;2657;13000;11;45;356076;258917
1423;1896;8984;13000;13;47;356934;258626
907;918;6060;13000;11;52;357201;258573
348;415;2265;13000;12;39;358407;259861
470;662;2616;13000;13;44;357556;258970
456;787;2992;13000;14;42;359169;259913
524;692;2676;13000;10;42;359200;261637
249;352;1421;13000;12;39;360314;260567
327;452;1931;13000;13;36;361125;263818
988;1050;5365;13000;13;43;361461;261430
990;1659;6249;13000;14;41;362906;262769
410;787;2474;13000;16;38;363244;262736
467;591;3159;13000;12;47;367911;265951
485;615;3057;13000;14;46;370286;269685
492;316;2558;13600;7;17;374378;271033
455;681;3069;13600;15;47;373736;270610
444;761;2920;13600;17;24;377229;272496
485;486;2860;14000;13;45;381749;275858
483;716;2960;14000;14;52;383167;276913
579;1446;4663;14000;17;42;383502;277301
404;612;2558;14000;15;51;381381;278045
590;1128;4181;14000;16;43;385024;279360
522;526;2916;14000;10;44;383561;276921
491;638;3060;14000;10;46;385916;279739
630;1040;4100;14000;14;46;386187;278557
517;729;3307;14000;14;53;388807;280977
444;464;2527;14000;13;51;392254;285794
408;532;2385;14000;15;44;393358;283990
346;622;2276;14000;15;48;393886;284528
464;449;2881;14000;10;42;394065;285599
1127;1687;6535;14000;13;38;400582;288972
964;1660;5998;14000;14;44;401506;288665
938;1241;5928;14000;16;46;404062;291734
460;489;2657;14000;13;46;407563;296975
491;845;3335;14000;17;48;408656;294543
967;1193;5690;14000;10;47;409423;294629
415;453;2211;14000;12;52;409423;294629
509;932;4300;14000;17;51;414690;300824
1718;2900;10210;14000;19;46;412786;296333
986;1228;5439;14000;12;47;412930;296786
715;620;4225;14000;10;42;432477;311923
338;448;2272;14000;12;43;433527;311880
329;423;1819;14000;15;43;438277;315949
520;884;3741;14000;15;52;449336;323250
488;551;3002;14000;12;50;451587;324537
372;606;2569;14000;15;44;452027;325677
494;683;3086;14000;16;55;456067;328428
631;1108;3972;14000;16;42;458548;329323
646;963;4258;14000;13;43;460305;329505
474;648;2737;14000;14;40;460412;331095
998;1751;6293;14000;16;49;461738;333520
473;912;3368;14000;16;48;465892;337455
633;778;4025;14000;13;41;468909;338360
500;705;3221;14000;16;53;471519;338771
314;367;1846;14000;14;53;474422;343692
510;723;2985;14000;15;44;474801;342242
394;571;2434;14400;14;41;476692;343038
1035;1768;5959;14400;16;17;478083;344052
375;682;2631;14960;17;48;478043;342335
328;506;2004;14960;16;47;482175;352443
421;835;2800;14980;18;51;481437;343443
477;629;2931;14980;14;53;485962;346993
592;748;3458;14980;15;49;487685;347531
401;539;2416;15000;14;49;492269;353330
591;866;3496;15000;13;53;492269;353330
557;1483;4690;15000;16;42;491167;351250
418;1023;3438;15000;21;50;495123;354643
327;503;2266;15000;15;46;496884;354394
475;732;3116;15000;16;50;504616;362322
373;492;1953;15000;13;46;505044;359916
439;763;2554;15000;17;45;513604;365934
467;842;3515;15000;17;44;515706;368515
634;948;4261;15000;19;48;519068;374032
352;545;2346;15000;17;56;523617;375275
383;479;2388;15000;15;50;525638;376630
298;311;1801;15000;16;52;526930;377306
379;534;2493;15000;13;47;526930;377306
491;754;3293;15000;13;49;528342;379606
631;1063;4531;15000;18;51;528506;378567
415;376;2167;15000;15;51;530093;379689
404;396;2595;15000;13;52;530540;380127
508;1119;3604;15000;16;56;529342;376709
1452;2433;9424;15000;12;42;534117;383857
623;738;3389;15000;13;49;534950;382482
492;506;2531;15000;12;49;536597;382979
388;736;2883;15000;15;51;534789;380803
238;330;1621;15000;12;44;540071;385981
467;1017;3349;15000;18;45;550120;397591
986;1522;6425;15200;16;23;563030;405348
924;628;6772;15200;9;24;560188;397782
457;743;3153;16000;18;25;589061;420733
460;904;3712;16000;16;45;597766;426050
414;515;2488;16000;15;48;619004;437538
308;370;2008;16000;16;21;662713;470352
635;1353;4469;16000;21;58;682848;481140
420;533;2435;16000;13;53;683685;483580
462;1488;4304;16000;23;48;691962;489220
475;753;3165;16000;16;43;714304;504900
438;785;3436;16000;20;53;713839;503436
297;473;1781;16000;14;47;743332;525871
454;560;3100;16000;14;57;743502;522098
492;600;3125;16000;12;56;749219;526239
633;1153;4213;16000;15;52;752441;531802
373;492;2616;16000;17;64;769675;540788
487;1171;4194;16000;21;58;780782;547369
467;1217;4242;16000;23;60;782866;549336
654;660;4017;16000;11;59;807047;571559
484;790;3785;16000;16;59;831797;582161
393;761;3161;16000;18;47;839886;587581
626;730;3674;16000;12;49;852908;602994
426;724;2895;16000;16;49;886633;626422
373;649;2779;16000;15;49;924065;647045
372;528;2569;16000;14;48;931522;655474
497;805;3592;16000;17;52;927230;646881
348;519;2970;16800;19;31;945926;660689
461;585;2808;16800;16;25;968943;680014
442;703;2846;17000;19;50;994989;696978
554;951;4042;17000;18;55;1019095;712653
490;660;2810;17000;12;48;1024548;717949
623;898;4276;17000;16;49;1072795;753857
400;434;2391;17000;15;60;1077811;752561
1011;2241;7986;17000;22;60;1089818;760563
1043;1650;6910;17000;12;53;1110552;777512
429;587;2732;17000;18;51;1172049;814896
1081;665;4523;17600;8;17;1216830;845250
421;654;3178;17950;16;62;1252295;868742
403;611;2745;17980;14;66;1474117;1018300
473;608;3022;18000;16;54;1599772;1104111
347;808;3091;19000;19;64;1605180;1104861
491;677;3118;19000;18;65;1665228;1149268
372;739;3039;19000;17;57;1665543;1148130
620;769;4357;20800;16;65;1689439;1160818
518;879;3729;22000;26;68;1772799;1218195