0c/61/6407788e3dc8ab96802754f29454,50715,4136
0c/61/9a70ffd39eb8b5ddea8251ae64d2,92040,7177
0c/61/82be7dacf24447ad01ef9ef20ee4,92040,7177
0c/61/c3df18a509d7d4c440f9530b81d3,67819,5411
0c/61/5eb69b10672997d4131d2f5ab622,92040,7177
0c/61/60c3246e484ca55157272a64d6a8,214772,13943
0c/61/2b20b19240cb3d28cc94f9fbe892,92040,7177
0c/61/4e6a614122efcf8811577eccb80f,71063,5667
0c/61/18e17cb7d2cc19572ef2e32387f4,40676,3373
0c/61/3802054c4e70ae68d3d8472d3b88,70827,5632
0c/61/d70fa68f06fec13a8b3484b35258,92040,7177
0c/61/686fa0d1f56dd5d60cc82726ee45,50857,4147
0c/61/732c5032f8644b86e8e68f4e7f59,61761,4962
0c/61/b1f47fc51d23bb9a1a8b6ba899d1,86827,6794
0c/61/e68f68eb0146cc06dad6fec05135,92040,7177
0c/61/bae30f2981ad883d14fdbd76ff61,92040,7177
0c/61/21dddd8a9da74fa68dc0c9066e1a,73473,5775
0c/61/a1c8ba67e60cdc55477482d0049c,54730,4438
0c/61/7b9ef3a7203b1f06cd150c74c3e6,97834,7589
0c/61/15932808353700cac21605cd0468,92040,7177
0c/61/468e77674c452212e9704ee78059,65946,5272
0c/61/a952a5c9375cb4d83bf51276b139,92040,7177
0c/61/406d421f020e533417d4999cbaa4,50465,4117
0c/61/00477a6d568568ff1a6cead13c33,81207,6392
0c/61/659b361888db56bb0dd714fcf3d5,92040,7177
0c/61/3bef13769a958b25963419d02165,92040,7177
0c/61/e7e2c6220b0813fb85b25f93a142,79503,6267
0c/61/a3a390e2bd1d5ec5e3cb7f728426,75764,5994
0c/61/eda088feb17b63c53bdf41329e47,83018,6523
0c/61/981524f2df238965d836f6bb72cc,92040,7177
0c/61/60dd05d943520b9b4aae672b0dd2,42948,3547
0c/61/682c8310c46ea4adda86cf8cf19b,92040,7177
0c/61/e84427f1c412e184373b9070755c,92040,7177
0c/61/ef799c9c594550bbcfa4a11e018d,114603,8825
0c/61/70554eb4d0c838bf6cdec1936af2,92040,7177
0c/61/a351a266762198e2e01e1abcff06,92040,7177
0c/61/890f60934fd9583b75037f08b4dc,92040,7177
0c/61/6fb17f3e8eba61fa50774098bdb8,86552,6780
0c/61/9ad4e1b2fa8d7ed711228fe7f40c,86115,6748
0c/61/bc1068b815e7841f531dfd232f81,74118,5874
0c/61/872a1febc9b2f07f555325e0dfc5,92040,7177
0c/61/b95ed5a7b12605ae3e9fcb51212c,92040,7177
0c/61/1afd306e2beb51e9ab960326cac5,78763,6218
0c/61/e5bb444656cfefa04778ee46fe41,69860,5561
0c/61/7919d948b1ce61c5af8aab82b04a,106823,8254
0c/61/e6442ab849101fe1ad4778ad8276,87552,6843
0c/61/a397d2ec1b0d36bb54f0c1f0eb44,98932,7637
0c/61/b9b7748efd7c8f26bbe715e029fe,92040,7177
0c/61/adf298d30150358a48c863643124,53153,4330
0c/61/f3e54fbbdbc5010f40d97091f150,59323,4782
0c/61/e482a70951b705518881386cf3a2,92040,7177
0c/61/36759c8f27b4e346460ac24515f3,119550,8799
0c/61/96f634c0fb6f7beed8a0b2b307fc,44410,3659
0c/61/562ee4437cf3aca66423be28ca29,90659,7093
0c/61/43cdef0ce6a515a13a7fdb22b3a3,58816,4743
0c/61/812a5cd5416ab0e129711835849f,46634,3868
0c/61/e94bdb92421a709e6189789b1cdd,57636,4655
0c/61/513ce4009f83af8f721a047b1739,90374,7056
0c/61/a50075d7586cc1d76269b2059668,55846,4521
0c/61/6b1451d56be5229290d72dbcf4bd,42907,3544
0c/61/9894e5dc5c344cb61662a3548a3a,43905,3620
0c/61/83b7646d48c564376855ccb2d522,64550,5169
0c/61/34a693f67e420339e6e0bfe840af,123793,9480
0c/61/3cf71301fa820fd4daf12c84b0e2,92040,7177
0c/61/0205c07f56f91c6e1a54b055fbf2,83737,6576
0c/61/ec91b25aa76b2c2d27f032e5a219,91087,7108
0c/61/3054163e3bbea88d85f400c1a703,66160,5288
0c/61/b098eb30da344ab239f9ce443d87,68135,5434
0c/92/e67d953f4eeda6eb304ca2064336,58354,4709
0c/92/3c48c598c3be721886f93caf2581,92040,7177
0c/92/bf06ae3912a767759ee2b71da981,92040,7177
0c/92/855c18a5020497b7a4531de43fcf,85327,6691
0c/92/06f07b3c35e7042f91d5e8ec312a,77049,6088
0c/92/edec67f6719bf2d30c2483d5a53c,92040,7177
0c/92/46a60cae03f428c1a6d8e5c6eac3,92040,7177
0c/92/1a7166974ce68e153db734c26235,57927,4648
0c/92/4b8bc2dbc9e0e3d3e56e4cd70b7c,68097,5431
0c/92/8d42b6bed039d04d22ca38b709e3,94453,7353
0c/92/9296c760a10d8301d960b0f0866c,92040,7177
0c/92/e66fb678b84d069339a07daa48b2,51498,4195
0c/92/21601ba9616c72dda57d07d15827,92040,7177
0c/92/ce1227ec679c456a8896a46da1f1,54091,4390
0c/92/1c634142a89145f4e0f6f2231323,45261,3723
0c/92/2eeabd4c4371424c1dba2615c4a0,92726,7226
0c/92/8cfb61c55ce5de60ccb57bc93f9b,58940,4753
0c/92/50af44f8dda3b99021681048897f,76956,6082
0c/92/e1549b66f118a03c0478458854ce,101953,7900
0c/92/2c2b453d6003d4ece06274554e64,47263,3899
0c/92/9cba0df2fd6a5d81b66962373f31,92040,7177
0c/92/1db17aea161105e847a449b307c2,63262,5074
0c/92/f516e7b205b084122654089efb6e,92040,7177
0c/92/c380868c1c3adfaf3a2c1a22e1e1,50709,4136
0c/92/d1e48cb973429f13b1d27cf74cd1,92040,7177
0c/92/c1c6770f1469d75a53e19489a15d,90940,7097
0c/92/cf1ee1b9ce5ec95e8bc215582856,90525,7062
0c/92/c5a5914892b6e02f44bff9e9b571,86844,6810
0c/92/53293a3b46f1d9c4f2063ce9b2c2,91303,7124
0c/92/798809ca0a55ad22a3dbe06c8da0,79637,6277
0c/92/93a53cd5c87c15142afc08b74d2d,92040,7177
0c/92/37d07df9d6a4842458931c37f47b,74802,5924
0c/92/df4a3ab4f78ff0112ed796efc499,95234,7403
0c/92/3e267aba940011fe4cbf97c975c4,49727,4061
0c/92/fedc6f0c2c3d62af3935a7e91a1d,75262,5958
0c/92/d4f9caf21b746b1ae2e8d816eb82,57376,4633
0c/92/420c4631387482a58417bba43dc9,49380,4035
0c/92/cad79b32bc5be75e1d478e4b2b69,65442,5235
0c/92/7de1f0c58bcf6efb60a3c3d90fc7,32171,2716
0c/92/de55975dc10172953c84d60ccb32,72108,5726
0c/92/cfe557aac4e45050c2e7b9077709,63282,5075
0c/92/01bf6f395200d18fa44c035603c7,92040,7177
0c/92/6499dd8609d9035e2a6fa4ccd067,73923,5860
0c/92/f3f7742ab6ff13b782840eec3a5e,52271,4255
0c/92/618acab04acfa32f11b2cca13b20,92040,7177
0c/92/4912f736405356f2a0480b87eb8f,92040,7177
0c/92/cf10cef661f75ac09b5aeffcab08,92040,7177
0c/92/2c82a06863b79cb3612c45f6efd3,92040,7177
0c/92/0ec23c58bebe654f425afdd6e454,89678,6862
0c/92/f17ad779f62ca2c70ea70d810914,83962,6606
0c/92/54cbb07ca98468459e3734e00517,90371,7056
0c/92/5381cf935311a790f5758aa9402c,59048,4760
0c/92/7c645c132c11e785da950ebad68e,92040,7177
0c/92/16c78974e23efd936cff816a5479,92040,7177
0c/92/838349aa5db6f1e4e51f115daae5,75071,5944
0c/92/509c89ba3f073a82e1b845bf0e51,67141,5361
0c/92/d3a5edcd458577eda3e9bfd16b19,79211,6246
0c/92/875c6c34c1a7591f64b5757631ef,92040,7177
0c/92/d8b85169247305d6d5b3397b9e2e,80745,6377
0c/92/1e917af1e6e45f25275855de6a61,72812,5778
0c/92/89d08b7309e866d3d37471a03122,58702,4735
0c/92/2e71debf48e310e49febab5a9353,97059,7544
0c/92/49800afaef5fb3adff562383bafc,92040,7177
0c/92/0d3327d907ed50c62090bde2b193,92352,7200
0c/92/5f87a241b926b5ab7711725ae5cb,66851,5354
0c/92/5ce890aff88ac23a33fab46c3779,92040,7177
0c/92/a82123a1462e871a75428a729c73,92040,7177
0c/92/bac8ce28619035619f6c2846c0d8,78236,6175
0c/0c/e361907179afcef079e308e8d722,92040,7177
0c/0c/45a96c452da41b14fe7f52ab6c88,102994,7958
0c/0c/27b7e5d93ae4fd07713a0e6e5c9b,92711,7639
0c/0c/a5ffce37b1505ea5f0601cb83840,58330,4707
0c/0c/f3aeb09ad6aad9f9ee069b57de4f,72450,5751
0c/0c/601fc558a1096ff4466fad8c5657,110669,8534
0c/0c/5c8fa2b865308fda61a6312cd393,92040,7177
0c/0c/54d6e135816ff68951fa3c207795,80685,6345
0c/0c/f5926fd280730ff3ed4b7adad062,81022,6392
0c/0c/14118d4622f8329845fe09c9d549,61227,4923
0c/0c/13c34b524883026ef661d1211030,72024,5720
0c/0c/c4e163eaf036cddb2748ed87b212,92040,7177
0c/0c/7bf94086d9c5846e49c11f8854a3,92040,7177
0c/0c/937b19d8b89d3039dc1a30dc5f8d,87124,6821
0c/0c/c4394cdc0fc00aef20a89636202f,92040,7177
0c/0c/8918dc977477b8d2c88958c9495a,80192,6334
0c/0c/a96c0a185e45cddfb5ffcaba7756,72839,5780
0c/0c/5184031c1135b9165fe38c62f501,92040,7177
0c/0c/14a257a3fb9d16041316011ac36f,64101,5177
0c/0c/ff5c053fb8140cad185ba66b71ac,92040,7177
0c/0c/ed01647eabc0a6f2b3605cc58f4a,92040,7177
0c/0c/2bb7e9b36f0703fe0973f0474b53,92040,7177
0c/0c/380ee13c0932d3d5205657fce5b3,92040,7177
0c/0c/05b079a554e6c0a2df074b48b2dc,92040,7177
0c/0c/9a4c050cbea89920730b75d3ed48,97133,7523
0c/0c/96fe9509360038e9eb786a6d1938,92040,7177
0c/0c/ba98078db3e8fb8656c59044951a,51270,4178
0c/0c/b521c533e65b56d377e68b0435ee,71337,5729
0c/0c/8479288312334d6055053a5e02df,92040,7177
0c/0c/1f68ec4408c23100c3436673e911,52669,4283
0c/0c/d135c6643f482030ff48b903c4b7,49705,4060
0c/0c/19e8228f081df55fe0b5f5edbbf9,95642,7431
0c/0c/8222d0b92438f2596bc5e35fbe4c,92040,7177
0c/0c/db4f140212bf3b56b198416bc429,92040,7177
0c/0c/5367a7a9dc4f946c81fa8f4904eb,92040,7177
0c/0c/8af778916fd57defe2d8e2175251,62220,4996
0c/0c/e37b0c4d3764ea73dcc15b81e5c8,92040,7177
0c/0c/f49d48fae254f5d4054bad8a19e3,65146,5213
0c/0c/adff9f34a41c74c086481d725fd5,88674,6934
0c/0c/eabead910587a4d74fe7a8d09c1b,83688,6572
0c/0c/6bfbc298f3689a6ad370642c1b4c,92040,7177
0c/0c/ccadf5d25ca62c5e343c96a57fc1,92040,7177
0c/0c/e58af69272a442323e284df80306,87333,6836
0c/0c/ecf196a31905970919ffb07fd7e3,92040,7177
0c/0c/35488e0ad555005bf02a8f176c46,92011,7175
0c/0c/87ab536f3eb77cfec87f52fc7865,119139,9145
0c/0c/99bb5494d91577e1a27972b4b837,95057,7397
0c/0c/88e2b306c98823d1588277afc91d,92040,7177
0c/0c/b1ee04dc6440a2bebcb7792c1556,50217,4098
0c/0c/133c480aae2644ae1348555e7524,92040,7177
0c/0c/b17e7e5de5d03fa19b806d271032,49437,4066
0c/0c/79b4dfb7fb8d2ac0dcae96164ecd,58661,4732
0c/0c/6e2e6d4d832eb89a24dcddfb603b,68148,5435
0c/0c/b12b90032d75850a17e69be9a174,92040,7177
0c/0c/64a4eef5fe8fbfdab6c82210a8a7,92040,7177
0c/0c/cf5d4d87d61cfc375f6f5cda4d6a,92040,7177
0c/0c/ce0fda9b3fadf0fe39aeef28a05b,86142,6750
0c/0c/d411eed73aecf00de57a622924ca,92040,7177
0c/0c/77e5aa8d1084716b98364691f88b,64772,5185
0c/0c/7030269a046f103a01987207d895,92040,7177
0c/0c/58b135edaf334a0015ff656be550,57980,4678
0c/0c/6e693e5fb038201bde97543fef28,92040,7177
0c/0c/947331a50a9d3bd0f027319910fd,92011,7175
0c/0c/e9244a84797f932da758ac725195,183960,13755
0c/0c/3a8c4a0b68ac6d7d2a3e7d8323f0,92040,7177
0c/0c/5fa52038e7bfcb38d964943cf488,60028,4833
0c/0c/d07d7a0ed733893b421ea7c22082,107787,8116
0c/0c/5a4060ead0cb2e9604badb04bc65,80562,6345
0c/0c/f01d18e1d055bde66e88f98900c5,90203,7044
0c/0c/cb4be8012873ce4bfa894ebb2c35,77002,6085
0c/0c/830957bc6423e4faeabf4de6e426,92040,7177
0c/0c/08f5459b406ea320fe04f8717955,62863,5044
0c/0c/a569a405f45f311d801b98632144,74339,5890
0c/0c/70b7e4f2f44cb244573231b43ac7,54235,4401
0c/0c/eb02c5e0490c829fd625ec26ef79,92040,7177
0c/0c/b049ce75273dc7faccd9b4e796de,92040,7177
0c/0c/9d58ab8ec5f5e73bc02c7ae8dd50,85224,6695
0c/0c/6d6beaf365192d2ea6b65e8f0fa6,92040,7177
0c/66/646ca5e1411c7e6f294702624f33,91649,7149
0c/66/97e6dc96eac5fa3d4f9931eb0a3d,64135,5146
0c/66/2f3aa57b012efe32575937f76319,57339,4633
0c/66/410d0f740e526cfe1303773040ea,74138,5875
0c/66/377ea8c9af35e5e2fea6507a9b68,149251,12633
0c/66/e94fd996e7eb663b7a8659b0a1eb,92040,7177
0c/66/c35e87fd00a8dee57fc52d6ac881,92040,7177
0c/66/88f10f56b4bceb298fe738a601a9,92040,7177
0c/66/4c41b1ad476d22f56c90c6b1ce88,81766,6432
0c/66/abf873033da10c053e5f173761bc,92040,7177
0c/66/39abaec9b9429759de9bc3287a1b,69990,5571
0c/66/4736d6c13e43a66d35ab0be074d3,87006,6813
0c/66/7359aa705bf4b8df025d63c45916,73328,5845
0c/66/eabdf93be13bf20f04a15322bc03,92040,7177
0c/66/648be01bc1442b35b5d16156a8a4,56638,4580
0c/66/f863e7b7ccd788c861e3337fdedc,92040,7177
0c/66/2f674899157eeb6725e212361193,92040,7177
0c/66/32573546045ec3a11c3c300a41a4,100093,7749
0c/66/5ecda1c58b538ceced860bb03cc9,92040,7177
0c/66/a3bd9f29b1ffde9942df7eeabc49,89989,7026
0c/66/9a5effa17c27ff824b597fec2449,72671,5781
0c/66/501ed3db56e438eaa6f69cd028ab,50485,4119
0c/66/c5004ed0af8123d01133bc77f03f,86776,6796
0c/66/75b808dea9c8671e1129d729a647,81296,6398
0c/66/a60942a535efefb1880327f72901,92040,7177
0c/66/c23bc620bb578fc38d4dbd23274b,92040,7177
0c/66/1b8eb32eb244aa6b844f63a97b7d,92040,7177
0c/66/03e392d47134bdf76d83ca571372,93278,7267
0c/66/36b684ca02fb9778adadfd89976d,73371,5819
0c/66/ec52f589abeb10e92b6a2c85c682,40774,3381
0c/66/582fa7a4678896325bf2b7478340,87400,6858
0c/66/1d692ff793c8818ad2c32d2ffebc,92040,7177
0c/66/cbb1d710b5a50e21e85014130ab5,90826,7118
0c/66/664ec5dc11b0ca61ec9eb783b17c,84349,6620
0c/66/9bde9dbf45d66ac70376d8c9b968,92924,7241
0c/66/fde4cc21e7a8c73f9b4f43c44d55,92040,7177
0c/66/3c9771b689aafecd5d432eba6c72,85752,6733
0c/66/081ec78c9b3325a0386f182fb009,75468,5973
0c/66/4bc7bd774c51e413a35c2f97f3f4,108449,8263
0c/66/87844284e1ee3d1039f1070d519f,92040,7177
0c/66/69aab0ccc9afe5a3cdc7472ca726,92040,7177
0c/66/bfa138ce76d347324202614b0b8a,91477,7136
0c/66/78687f9569bfe012b445587b129d,59427,4789
0c/66/f1ae04d4751072d2fbc5f46c3e1b,92040,7177
0c/66/0437d010ac2337c44b1f3ad3b85a,92040,7177
0c/66/1b01dccd70d2efa3a73b99ee811f,92040,7177
0c/66/933c36e3b28ee6fe15916f1119f1,85577,6720
0c/66/d48bb0f2157ddbbcc1782ee04d3b,87186,6826
0c/66/5877068a8dc28546d5b0cbb35775,92040,7177
0c/66/7a7198d5b9493b3d4dbe33c9d2b2,83465,6489
0c/66/009e872cfb82c9dc3710d665edaa,95288,7404
0c/66/bb4dfd4522824250a98f4f6d6548,55811,4519
0c/66/3d5f8da7a96cb84628f8f88aa712,99058,7689
0c/66/cec7f86d30c03f25a2407afc882d,92040,7177
0c/66/f899c733ba18380610d22fe95e55,92040,7177
0c/66/1421cd43da10b2234d7e4b934d62,63068,5059
0c/66/a8f71e4fea7f9f4836bd13769b4c,87913,6879
0c/66/be4c9d8b815fdf2baaff21148057,84369,6622
0c/66/fa1ecd372d763d9c09a3885afde5,92040,7177
0c/66/8b9e3974a3ac1c34447268cf1cf1,39354,3272
0c/66/f49c45c5e6f763585e7152ba6f16,92040,7177
0c/66/5250631f4d68b062b2ab9fc70f0f,81054,6380
0c/66/bb7041fdc0050d3194f77e40bec0,32668,2755
0c/66/4b78ef64ce8adad523b925d5847c,92040,7177
0c/66/62c9f1d1e1668e602c51e2209094,92040,7177
0c/66/686078bef2d575521f80e83d2eda,78135,6168
0c/66/2e39b1e58a9a2b81481966d8dbc8,55082,4464
0c/66/abca1d901be4abf65e818892f80e,92040,7177
0c/66/bb1c3b494ddb1d1cff8f0763e2ba,79205,6246
0c/66/e77bb2a2a31226187e3545448bb7,92040,7177
0c/66/d530b01e7348e3026da316178601,90253,7051
0c/66/5fe6f1548ee4543ca8a3546889e6,92040,7177
0c/66/93e1e20dcef13298c3851b6b6588,92040,7177
0c/66/2e3b8d78ef8268fb295c50e2ba5a,30746,2605
0c/66/36537ffd506cdfd1f599ee53be63,77716,6153
0c/66/c7f9af99c3a77f03a88b92223312,63730,5108
0c/66/28d0f061324181744d080de178fe,92040,7177
0c/66/177664f26866f0f719f933cbdb75,91319,7080
0c/66/d629d74d983c5e975ad02b4cefd6,92040,7177
0c/66/698805dc41145a9ade9baa4013d3,78818,6218
0c/66/d811a2c9ff2d31613f6730e0de70,79848,6293
0c/66/d05fb48caab40dab49d77a2561ad,75468,5973
0c/3e/215a115c56dd3a3bd4287374ce32,61665,4955
0c/3e/cc5593b3e6b532d8a2313e44c7bc,80536,6343
0c/3e/62f79facb75a5dc486d429fd1823,92040,7177
0c/3e/22af34903af5c8fe0de512810d83,91127,7111
0c/3e/ec2ede8a400683dfcfa75eb0cd65,92040,7177
0c/3e/e7d1dc446c38fa8498aca2f09597,92040,7177
0c/3e/adae90b1525a156219139e4ffa71,98536,7689
0c/3e/7b2344e5618dcd29c69fa65888a2,48243,3949
0c/3e/5a5bdb6029efd0144eec685bf1d6,92040,7177
0c/3e/6cbcc9846ae946592e1acf4eced3,65091,5224
0c/3e/da0af7ef9537a3a51062c879e27a,82717,6502
0c/3e/92349735fc7588aab20349fcd0ec,92040,7177
0c/3e/e2dc9aa9dff9f94090ff32cc4b17,92040,7177
0c/3e/335ccab57a91000ea03f034e8ea0,73856,5855
0c/3e/45a66b3f891b6013110593b9c523,92210,7181
0c/3e/13144454a0e1c6049bcde2e8d753,75641,5985
0c/3e/a41ed4b683512d871ea53a7552dd,70274,5592
0c/3e/0abc1febfd429c19a84faa5fe97f,105077,8129
0c/3e/8da9589ab11c2c898e737b3e0b17,54050,4387
0c/3e/df983efb44a39745cf42a304ad3c,98128,7597
0c/3e/593727472863267a762006945ce4,90322,7053
0c/3e/5e7b760d9d598857849081cea535,92040,7177
0c/3e/54158c77c1f60a44574c58ccabb3,77116,6093
0c/3e/8a3cacf5a82f49a4fb77327e0869,92040,7177
0c/3e/5a60f94591a0decf9127c122ee05,83430,6557
0c/3e/7d851b098634bbeb505a48d95b26,92040,7177
0c/3e/5a5d749ac45a614e48e2cfc51b8b,92040,7177
0c/3e/c1853b2180ff66bc998433b76fd3,92040,7177
0c/3e/ea72e1224030ba427e5c6a729e22,60310,4854
0c/3e/50c614bcc8bd013d7c7b6de3a63f,110453,8518
0c/3e/6812e324d218a352d44705d3704e,69114,5519
0c/3e/d8804db926914b6b18ae722cf370,92040,7177
0c/3e/24d41045e79d5de7ef63817a3152,59188,4771
0c/3e/2b96df29a57d05f12aeb5d680735,44292,3650
0c/3e/0fd4f29fb1bcf49d9bf6fb27d06f,86563,6781
0c/3e/5f2400c04f329c094579e668440f,68765,5504
0c/3e/0fea8649ae7bff2ce843d3ca93ec,92040,7177
0c/3e/be03ece9b643633342cf34f86a12,69516,5536
0c/3e/693a39d9f5c5afcc069a04d18e87,92040,7177
0c/3e/52a6b5d019b57a4d57577e4d7501,18783,1653
0c/3e/32e1e2e024646d77675d3d357a56,62583,5023
0c/3e/f3db8d557dc1aeb455f6c86b9957,67092,5334
0c/3e/d40b891b8275f315d612d89f9513,92040,7177
0c/3e/91176ba89e9202c0b7d13c3742bd,89736,6988
0c/3e/0a5d36a471aae5e45394f33ec7de,89437,6989
0c/3e/01abea1e85161e7c9acada0e6529,85497,6736
0c/3e/2926718b09691eb506af74db40ec,92040,7177
0c/3e/1f784b5de249dbe528959e2b0b97,69063,5502
0c/3e/ca2a71a8c2225173baae0fd21d69,107713,8266
0c/3e/3bce6de0f7a0608a110e7c725d21,46403,3948
0c/3e/1898991ad1bef6ba2bda9c361939,92040,7177
0c/3e/b09d57a0344e59d152b2c73d7fd1,86328,6689
0c/3e/9b598455f96859f2dedaec4248e5,62322,5004
0c/3e/25a8397764496bb1b10a9000211c,92040,7177
0c/3e/0f772c22650532017fa9332bd0a7,38972,3243
0c/3e/20a1bd9552a498a81293d153e1b4,68614,5469
0c/3e/54b66c564b968c8a8a80ad73bbe1,62322,5004
0c/3e/137752d550565f28e5d558ab86b8,92040,7177
0c/3e/1b568d490b8c77b6aab599e0c756,53228,4397
0c/3e/6061a9f49d5189d790857ca0e8dc,80751,6356
0c/3e/032b2872fae24eef6438046d8a2e,72336,5743
0c/3e/97fe991b9af584c27cd96c790145,57484,4644
0c/3e/f10b04c8f4203402d6a0d0a62364,72600,5762
0c/3e/39ae911c6bb36f2b443102daf3b5,92040,7177
0c/3e/8aa37e5450302bc7b395fbd81eec,45840,3767
0c/3e/cbab7786fcca147cd7a9708379bb,92040,7177
0c/3e/b609986334d76505282e1b732b32,92040,7177
0c/3e/f0b2da378e3f552bd2652700fe6f,92040,7177
0c/3e/2b4e3767d0042f6730c0e39be54b,92040,7177
0c/3e/cd7494ee19b4d90e93d074efef96,89154,6968
0c/50/9c3d35e16eb13290a79fff781991,43356,3578
0c/50/6647f2024bedca1343d8432fd3d7,58013,4683
0c/50/181bd95978a83cbcbe7600ebf463,76310,6034
0c/50/c5d6ca6cbf90947170adad17a8a1,92040,7177
0c/50/1001f906afffbc0f15612d209fee,92040,7177
0c/50/7a3308bed402f584d578108c591f,115206,8702
0c/50/ad310f3ed5cd45e29e284d2c41ae,92040,7177
0c/50/263877b1544073dae37b490de797,85101,6675
0c/50/9e17cea69bf7de084886279a9a11,92040,7177
0c/50/40604f68828d5d4bae325bbd5b42,92040,7177
0c/50/d42ab58d37c8900759eac4d2067c,39033,3247
0c/50/0d8ba23570dde9ef6b97262e22ff,79361,6275
0c/50/c57000c3dd7a78bfd21c9f118354,49735,4062
0c/50/c1cfbc56ad2f622acc02a275cc64,66746,5331
0c/50/437885899aa4b1e16b8b5e3624ff,85318,6690
0c/50/53156cd822122dead2813181d892,45432,3736
0c/50/2ba942d8ce8caccbaa79116553f1,81276,6406
0c/50/a7b2b676ec91603350ed108e57f4,92040,7177
0c/50/0a3192ec015c2bbb57ac501750f6,89414,6987
0c/50/2954ff244a953be0a9b4d5a5d5cf,89736,7014
0c/50/9c93b72c5be3791aac6b755f7460,93969,7318
0c/50/64bff75d0bdaab139b957be85d16,92040,7177
0c/50/517ad37272706001f127bdd32ff4,68191,5438
0c/50/a2ce15fac32c8c1ec5e3bcf36716,62687,4973
0c/50/be5514f6d60842937f1371d363f7,66444,5309
0c/50/5ec919983ee8d1484da340a29587,92040,7177
0c/50/6d065bc41d39dac0257464a3a942,85101,6675
0c/50/8959617176ea3e0fa6f91d8242aa,92040,7177
0c/50/fe28e532bd89a1dd1fc87c1023a7,57064,4612
0c/50/0e59b076e259b62929a26f3b8f67,80486,6339
0c/50/0331c72845141c63d99f126064c6,65602,5247
0c/50/a59656a9481d5adee78a8f386c0f,92040,7177
0c/50/797240945f227cd1a65cec18c46b,74160,5877
0c/50/ed8f53ae2e11b8bdf971f77ebd42,92040,7177
0c/50/9adda8f0c8e85c5ff2425706003d,92040,7177
0c/50/51e6dd31ecb657de038a24bbf014,143745,10807
0c/50/cebedc7ddaa1845661f412ffc63c,92040,7177
0c/50/074fedfece17dcfb038b8088d5b1,92040,7177
0c/50/134e5faac7a3a1724875e0fa25bf,61578,4949
0c/50/57f0dc9d64832d8e41b94fb057de,168831,11905
0c/50/ee955721249b0c3d8eee635413e4,92040,7177
0c/50/b08db60414e2d4a6a6edc923563e,83860,6585
0c/50/fe6cf658d3377358fca0a372f36a,60274,4852
0c/50/ba2e02eec25bf36dc01ac7e2b9d9,92040,7177
0c/50/36a5ee25fe7c084bf080590de30c,81095,6384
0c/50/5a29d54859cedff41aa95504c429,41548,3440
0c/50/f2f4289d79f748eef7e5e1614ec7,87495,6848
0c/50/118cd319c90af2cdf005b6ddcc95,95080,7380
0c/50/eb182da5deb9e51d363f4cae92f6,50099,4089
0c/50/b3d6e2e1bd7016ae3110acf58e31,77867,6148
0c/50/5fb7447d71a0c8f8e1cab19138dc,86363,6776
0c/50/e58148d37d31967e6086bba2e550,82006,6450
0c/50/c52d76fdeb2d5005b49eaa87c7f6,81754,6431
0c/50/70f7bb1e4bf32ca4ba3aa20dca9e,95447,7422
0c/50/2687fd746e8f4398c1b8f94790ad,92040,7177
0c/50/bf6837177aab49af6de0bc0fc008,92040,7177
0c/50/afbf0a794957a894454647708844,92040,7177
0c/50/8486234251577c6c5d34bae2b401,56089,4539
0c/50/b791c0cb01f8e4503630a9324bdb,92040,7177
0c/50/7cb7b37effaddb042809d08eadad,138912,10392
0c/50/82b11ad2b10389f781419ffb89ce,62601,5025
0c/50/a137b5ecd3bb108cd06e3479830a,105495,8158
0c/50/4aa666932582b89e7dc79be545df,76975,5828
0c/50/6b687cf078663e4eef7c6c78844c,93342,7272
0c/50/06a8fabe924dd74680718b351d27,92040,7177
0c/50/195ccbdd219517e2dd4dd5dfdf61,63677,5104
0c/50/212cf14a192225f0d0dea778bf0b,92040,7177
0c/50/d1ed1ebc268b4c1b3c2bd8ef1b2f,92040,7177
0c/50/34a03edd698e59da5e2f84838a19,87697,6863
0c/50/e141f087ab2d3b2731ff3341f61e,92040,7177
0c/50/225e1360e3c3b04a6e2eef9044f8,179445,13060
0c/50/8db0073d87df65f3feda885d84be,92040,7177
0c/50/2415cd9fd952c786ca672a9de652,92040,7177
0c/50/e7d887e50528bd09c2ea0f649526,80160,6315
0c/50/c0857cb60d54bff03526668e3c79,64777,5217
0c/50/f6ec7e2864a58e808f7e70362727,64637,5216
0c/50/3da869043f00feddbbe6e9e47cd9,55351,4484
0c/50/5931acb977f8244382993b093f74,92040,7177
0c/50/10059497bf16f2f59459fa133017,89254,6976
0c/50/2a2a1bb0b45ee286cf51b220c9d9,86825,6800
0c/50/f408622d98931ce5a4357faa0827,92040,7177
0c/50/31ee232b188bba434508c37a457f,92040,7177
0c/50/27134f58acd7e054c2059a2ef6a1,26257,2252
0c/50/a19b33a88e98bd455e27fa2dba76,92040,7177
0c/50/ddc22be0deb4182bb61dcd5a06ea,59080,4763
0c/50/f60a076bbdeac312dcc7b483d1f3,73526,5830
0c/50/631b60b7f097da0dfbdfa2a3c4f7,80620,6349
0c/50/f264cfe62b3f6fff544049d6f52e,92040,7177
0c/50/b1871a3164acb1b663a09cce4902,92040,7177
0c/50/1155474bfb1ebccaadbc1a530046,91250,7114
0c/50/f24bed499e94de4e89c49e29664d,56651,4581
0c/50/11684ce272ea1451dd8a05807ea3,31508,2665
0c/50/d5eb3d8f07c3ab3e248686dbf77b,92040,7177
0c/50/466345a97d77ac9abf0ccc50795b,56086,4539
0c/68/8cf2bbf9dcbf7d181d01ef942720,146509,11106
0c/68/2be087c0dd23f566e9881544bf29,92040,7177
0c/68/b7b924231c8cdf9b70981004adda,55411,4489
0c/68/61a55afbb1cb74d4a09eb3a63d9c,92040,7177
0c/68/fce254ad86ce93a88742087e26b6,92040,7177
0c/68/262a335d74bf9f9659d7d40b6150,120108,8911
0c/68/2483e9151644dcf0ee823e8f6f75,78353,6184
0c/68/b2cfc6792fbd78b26e04cbb722af,90550,7069
0c/68/21bc619ea4c5fe4ea8941d3adef6,100609,7810
0c/68/a504d15d345e501ab00dc2e39d82,36504,3053
0c/68/ed4955f740985ef0027d35e98942,90460,7673
0c/68/91f643f1b394e14f42cad426bf3f,92040,7177
0c/68/77617c91db16a71975afb876370f,92040,7177
0c/68/1f2ff53825dae2f5426b251ac16d,51092,4164
0c/68/59e6a1191c2c52fe6c82a0b4462a,51216,4163
0c/68/af7f517c88deb5f8744695b3ac02,84328,6632
0c/68/b3e2cf1fe55bfd637d15bd5b6049,76823,6314
0c/68/dc0cde4f20a049666716593137d8,38135,3178
0c/68/3589da6d90a8aa5f758ae54515b1,92040,7177
0c/68/cb0b3613046061ab10c69e965d20,92040,7177
0c/68/2c6e49939e23e582c172e15cc6db,68068,5429
0c/68/8bc24ef3ba87b812d42b72dfa988,92040,7177
0c/68/f0955c5292f9a19d985c8331d2a8,92040,7177
0c/68/87d1975f7214dcdbb385792ff595,92040,7177
0c/68/d808953daa179f9545dec6ce1a74,36845,3079
0c/68/0e504b175a51a45d3d6e4a83aff8,74713,5917
0c/68/bce543697862281a5caacfc07abc,64108,5136
0c/68/f95c17df0ac2326e0b9daf686aa6,101103,7828
0c/68/40538b2e1f4ec187284e9312d5b1,67585,5401
0c/68/44b2cf3bba1c69826b7a542e2c43,90048,7060
0c/68/e417938fd515a08b671fa1882372,88440,6917
0c/68/8326e3df26bb7767bad9d4dea474,92040,7177
0c/68/3fac8faad82f587df0df268726f4,92040,7177
0c/68/a4b1643f5fbe6bc87c4f0bcf77bd,96250,7431
0c/68/8453b10c699a3f69f03282bef1f8,42025,3337
0c/68/fbc73c530cdf3b19f4fe5f438b09,47542,3896
0c/68/ccce5088e7cc5554956bbcb5b5c2,92040,7177
0c/68/229760a9be23908ed328f5b70a7f,94043,7317
0c/68/c81c0d4364fa7b8cec0bc8881d79,92040,7177
0c/68/158f3232b380e3b064ed90114283,92040,7177
0c/68/cadc05e384a1a5d318790a65be0b,50183,4096
0c/68/77f4652897fdcdf4b974a4c710ff,75616,5984
0c/68/89855dd8828a32580957f8f3525c,127281,9731
0c/68/ba3ef79c28529de635500df3b7e0,105635,8209
0c/68/5d7b969cd70449b7c719b4869139,205898,15290
0c/68/61c0ed3357329db714b78bff608a,92040,7177
0c/68/8f3a6d994d2b8997d584305884ba,92040,7177
0c/68/17c7c0bfe340f5cdf894f9a9854c,96250,7431
0c/68/2e89bd211c7c7d434df0c939dba6,71121,5654
0c/68/24e515e9be769cd310d9dca18d8d,62217,4996
0c/68/8b88a8eb8e125102096ecfe9f0a6,113877,8765
0c/68/5aa874ee560d11b7f00521fc933f,105014,8046
0c/68/c9c2cc82a7884fe733649b7a352f,87036,6815
0c/68/0ed9a762bc934f025b2521356484,55534,4498
0c/68/d103be6b3a93b07336470c401823,92040,7177
0c/68/051edcec9f45a67e09cb17125443,92040,7177
0c/68/b4bcdbae763a3fb43d4fc4366035,92040,7177
0c/68/6b7d634c50aa4d00e492837a11e9,59210,4772
0c/68/04be27156b1b5eaabb183439ff79,68388,5453
0c/68/e4abd12d8541d4cac3eb9e9f403a,92040,7177
0c/68/f60af990af44107f98c38d40a188,41678,3450
0c/68/cf6cab0dd00d076cc81d57a19774,88440,6917
0c/68/7b12b1ed94d7cb9fc7fc4a7719c3,92040,7177
0c/68/8c5c8fc32f302f67ccab8862cdd7,61692,4957
0c/68/63adc4aacd90cc076fb470c84fc8,47542,3896
0c/68/ee85737c978b68755746688acb1e,50066,4090
0c/68/e6eca4a47aeb0cf78d43e60d9366,92040,7177
0c/68/d73f6ff43a1e18c77087ed8dee1c,50479,4118
0c/68/93cedc9a020b4004c0381a24a457,53442,4341
0c/68/01dc87945c4dcc8d343bdd6a6285,74797,5924
0c/68/fbecd38ee1df20885d60af8c1b79,47964,3928
0c/68/8d83199671e8f351f561ed2ee3aa,53528,4348
0c/68/73c94d67fdf70e978c0a0fea91e4,74125,5874
0c/68/8565633015e734055e0e8c79338a,103026,7906
0c/68/557122d5da15fab384ede8ed9a7c,48947,4003
0c/68/03146df5bf166b8e0231859b6885,75715,5991
0c/68/cdc96f97308135abee1c76786f43,92040,7177
0c/68/b888472ef89b17ff10454e1db267,54645,4431
0c/68/bb7aaf1ea4e6ba575a3a6f8808a4,102544,7807
0c/68/913bbd3e3bfaeff459f100fc586a,92040,7177
0c/68/8cd1f7a237cb44740bce5e5e09bf,111187,8571
0c/68/b558f62692261544f3d1b02265ee,81548,7042
0c/68/b1bf9be70878f0a6feb7ec2018db,93531,7282
0c/68/ed262c0f8fc8fdc2db3eeb2e04d7,42514,3514
0c/3b/a75ff44ed58b5adda44c7da3f711,92040,7177
0c/3b/c82dfcb19c62adcd7800177c161b,60172,4834
0c/3b/2d8604585778a6a59175955c2cb6,92040,7177
0c/3b/f8aa2c968d6ca283d610a9cee834,92040,7177
0c/3b/2c3e06cfa57e0af92ca524599b89,92040,7177
0c/3b/2155ee0f8084bfbb74529a5eeeb4,88137,6895
0c/3b/a5b79c29b64aa5bb84f180624555,84601,6638
0c/3b/a39b5da64c38cec0ec691aabf113,92040,7177
0c/3b/e657ee8f99f7683e677194b3c807,92040,7177
0c/3b/d8bcb932bc7dfdb449e19f3c8b96,92040,7177
0c/3b/ac3c7296520c27a276e130e2cf4b,75513,5976
0c/3b/b7f49b09747856b27bfd27200bbf,50630,3905
0c/3b/4d620ee17ad790393df73403aea7,73166,5803
0c/3b/6e115ccc19d80615d6196b4958f8,92040,7177
0c/3b/8eb1a7545ec7d5be89343171482a,88597,6928
0c/3b/b6a10cb04b603e574d1803437127,74675,5915
0c/3b/9e3fb2040bd25c39c18d2dc4561b,92040,7177
0c/3b/1a6d34ea4975f6b8b6c09e35dd2f,83861,6587
0c/3b/235a2a053e604c45f3c2ca8bbc7e,53324,4335
0c/3b/7b1d276501290c582a1678a6fa26,52475,4268
0c/3b/6399262c94fc6baf8a49ef9faee1,73329,5816
0c/3b/9701ec507d991cc76f51f00b2a53,55760,4515
0c/3b/2f287c883de1e48c825967f22ee0,92040,7177
0c/3b/3b21dfedcf6932ee619b8152447d,92040,7177
0c/3b/077aaf7cc8724a350b7557dc6ee9,75871,6005
0c/3b/f32f5ad2e2230d3790c96f9b9483,88984,6956
0c/3b/28a6c3226d3fea0138c047c4a29a,92040,7177
0c/3b/5d0263aa0c3b2413969d73776b08,72244,5736
0c/3b/26c909c197c7d76ef198474065f2,54178,4396
0c/3b/ed8c41537c06badf4daf23ed987b,54519,4422
0c/3b/a6ba242b3fdba0e3634dc185fa67,123253,8819
0c/3b/d9cbb3ed9ba4fa50338424a56a80,92040,7177
0c/3b/a2951f9a6f3d5005e0d39b44070b,50928,4152
0c/3b/7307db10b797edfb3aa18459693a,92040,7177
0c/3b/91bc8f7c2c594cacd48a6b5453e1,92040,7177
0c/3b/6d90d37667dce92e72408a565d3a,63758,5128
0c/3b/d4c2105854f6b994d5cfa681418f,27934,2385
0c/3b/5c6ec5e1af4b27ecbeddf8d3129a,92040,7177
0c/3b/4f8f17875a5751cd861586df8df5,92040,7177
0c/3b/9371d2621f6c7d00150d9a21f186,77512,6172
0c/3b/25e3cd69323478c16500bb5a527f,92040,7177
0c/3b/4d3c2311436e22e0348a0da8d53c,86418,6780
0c/3b/d487e8353c514291f25ad1b518ab,92040,7177
0c/3b/270d678b45ef043f0bbb91912db7,92040,7177
0c/3b/a2f42bb9f87499d30fe2ac5fc9bd,92040,7177
0c/3b/de862f21dc6ee1819736bb200d38,57261,4627
0c/3b/569c195b46d84ff89e341842afa5,71013,5646
0c/3b/5c363c5dab88c8fcfa78e571ab0c,72953,5788
0c/3b/1362e45f3a4627507f597ce58415,85712,6719
0c/3b/d0fbe35bdf3a5c711217ac93f7cb,92040,7177
0c/3b/1ba3870ad0f365143915f693aef2,76815,6071
0c/3b/a636afeaa799c6819980930214bf,60943,4909
0c/3b/44f710e753e545e2d32cdf8c6ff3,89600,7001
0c/3b/99e738bdca620f74b98adbde9e44,92040,7177
0c/3b/c723ac72a9c2fff8094ad5be9500,92040,7177
0c/3b/a9a599f36a9ae70de717c2c8836d,91652,7149
0c/3b/9dab370368ec9a656d26b11c6652,92040,7177
0c/3b/c96345dc185665cdd95b57fe4810,92040,7177
0c/3b/145338ec3f32a160dc465e971617,92040,7177
0c/3b/e21d16eab19aaf1197dcc2102f77,92040,7177
0c/3b/34e54fca77033e3804371902b53d,92040,7177
0c/3b/11c17485de286ec7f8b87dbf0426,56663,4570
0c/3b/8feec174875c0835e2b02ae4fc0e,92040,7177
0c/3b/bf2f55453e2ad6f87b298fc9b35a,121297,9313
0c/3b/3bf46b8b8bd83a4f136ca508e18f,70653,5619
0c/3b/c642cdda20a9b06abce2f108264d,183809,13374
0c/3b/c94cb0ec8dd64a827aa8307c88c9,92040,7177
0c/3b/f289ed526e1b884420001fe8c660,92040,7177
0c/3b/5b32b1df29acbfeabc5455066e69,71466,5679
0c/3b/e44d5930ba97690a9662491cadf3,38877,3235
0c/3b/970f0a85e0323bd71c24239a7fa8,92040,7177
0c/3b/74e34c20817bc4fb594905d6eb71,105350,8059
0c/3b/efa632d96ffd7f79003dc0eb4f85,94932,7352
0c/3b/65793d566f9fcafa816369f62c38,46623,3827
0c/3b/a20fa2bae57ea202d7d4df5e115e,50713,4136
0c/3b/37bdbf610f3c8ee7f91e089ca5ad,90798,7087
0c/3b/2841ed7df9bc125b810eb32902d5,92040,7177
0c/3b/676334f9d8add5aec024a73483f3,77234,6102
0c/3b/0e90dd55837a0e3db6aa40dc8401,53184,4322
0c/3b/277d1d692112ecfe89198f1a98b0,92469,7220
0c/3b/d1041b652452075e17d74f1423b1,92040,7177
0c/3b/17b9d45fcf58deb9488afdabd2b8,92040,7177
0c/3b/dcb0709594623f571796739d76fe,84457,6577
0c/3b/c6d10a2ceba764e90206d71e3bbc,92040,7177
0c/3b/3904fb98c0b2ba95ea2bb87754b9,92040,7177
0c/3b/4c61a74dd65550088a53ee31f925,110146,8526
0c/3b/2bd12fbea814a2d41cedac328dba,139209,10592
0c/3b/36df2ab3fa2a605b46ae62b5bff3,92040,7177
0c/3b/7831752274fe39a6ef09a987b378,87413,6842
0c/9b/b13bb5f314b7c1abe17a0b7d70c7,97483,7591
0c/9b/8c81a34d92339bd04357cae8471c,69019,5522
0c/9b/8dc5f20f37698a8c7f6eb75026fb,92040,7177
0c/9b/f11d6786174bff5b2cfa483202b6,70598,5615
0c/9b/be8931aa39a5f494b044181bdf4e,59456,4791
0c/9b/3c30a5ffa7b7324de7148211b252,83229,6539
0c/9b/8f85e41f6c3c7a2da8c6a347f730,92040,7177
0c/9b/e5a82b1405a527d480b9dbdc3be3,55741,4813
0c/9b/1ab228d5968fd6189f0888bceb60,89281,6952
0c/9b/62336bac0ac32e583f24dd33e8dd,68583,5467
0c/9b/e8480f6e36f91e8facad08c984a1,60506,4869
0c/9b/8233ffb90f8ff9642956ac7ab289,92040,7177
0c/9b/c314baa6c9cfd5e05c01b3f4e37d,71723,5698
0c/9b/655803f847630e6a9ea0d08636fe,92040,7177
0c/9b/c88ff9d8822fa0d9d94cf963a62a,81018,6378
0c/9b/8a3a8a5529ad08fd260bf75bb365,92040,7177
0c/9b/3c0556ba021ac26a0ca88c947eae,51755,4214
0c/9b/cbc5b3f034d5019d2e97c70278bb,75154,5963
0c/9b/4a397f6b9dc9453345c603e33a8e,78268,6166
0c/9b/1849c4c4c162a3f382b2f868d76d,54337,4421
0c/9b/27ec5056d38c4c16a8ce914c51ce,92040,7177
0c/9b/c7efc622dd78a75273bdbfafc645,71091,5652
0c/9b/dd73a73bfbe1cf0b4012505159b3,67537,5391
0c/9b/f866d728e16e08858ea31d2ecd77,36769,3089
0c/9b/4ad90a6f8d7b512487bd4c3c435b,64137,5140
0c/9b/54eacc324e32433703fcf9a50f71,82557,6490
0c/9b/cb4b7f063337f679a1362f65b641,76193,6026
0c/9b/9a3f496f2e2fecd11d84311e2924,92040,7177
0c/9b/0d3d4c3bccc6ab7751b46371195b,60624,4878
0c/9b/fd09b6c66e1f993ed0514781f82b,45787,3763
0c/9b/239847491f253e9804abba0da165,63256,5073
0c/9b/c1597a95990d70653bbdd87bea0c,58767,4739
0c/9b/55529c4fa8c0376732d1b5609ee4,92040,7177
0c/9b/9549aaf41297bdca862170387130,64804,5188
0c/9b/93c835115c46263a3ecc35ffa4ee,92040,7177
0c/9b/fadbd8f9329eb20987c3f0d6ce00,46237,3797
0c/9b/600ac835e0c00ba96552d2159718,62228,4997
0c/9b/4f14b45003d8eb663a020ad76aa6,49651,4056
0c/9b/8738c3d6c87d3f4c1958bcae82d2,76453,6049
0c/9b/a2b24888e4417ff2dd9d19cf6546,92040,7177
0c/9b/9f7213cc96ad6f79c068d6cb360c,92040,7177
0c/9b/5491447054b236e58bd58d8d0d87,87753,6867
0c/9b/1260fbcd064b9c5daa7ce61073f1,110103,8502
0c/9b/ee28aa0dd9cc5ed16621fd05d957,71568,5687
0c/9b/83a477395fc92529b263988323de,51034,4160
0c/9b/3cb510c89aef065d399c4445db35,83855,6578
0c/9b/ab6063d2cb12c48a4357c986daf5,62910,5047
0c/9b/bad58bf4f05a5cebd6c5dee19f69,83112,6530
0c/9b/2b5a14067cbca64c851ae24d86ad,86677,6789
0c/9b/f084091a0977a665ac9463ee95c5,62832,5042
0c/9b/c54edb53711744202dde6c4ed5f3,92040,7177
0c/9b/0e92f221ae4b0b3c2e8e32f59ba2,79684,6251
0c/9b/d84344256b71dd141094dc31d5c4,55382,4487
0c/9b/c9383f1cbcb79730a829e7076890,92040,7177
0c/9b/55492cd95bcd92dc71a4470fa0e9,92040,7177
0c/9b/cd8da3383113cdd77d0c37aeaf2d,92040,7177
0c/9b/51ecb5cc192375e122b5aaf3ce55,92040,7177
0c/9b/962e68424b43cb38f83c8882ee29,92040,7177
0c/9b/7d9d14af823e1d24d33e5e27bf56,92040,7177
0c/9b/09285705ad25bde41ea4eac700f6,82076,6455
0c/9b/d9e1a05ba42ecb83e0eccd58b86a,60902,4898
0c/9b/667dd8897092f2f6bc0f4e33a140,92040,7177
0c/9b/9188a5fb9a77ff841ae97bd1fd9a,92040,7177
0c/9b/5cd9ecd15cbea2d5c2077a72009e,68857,5313
0c/9b/d48166c27331f73c1c4e4770d0dc,115674,8732
0c/9b/7a941fe9ab875b5553cfc899c4ab,46463,3816
0c/9b/d75e6fac6b348ed6e57d3f569e36,92040,7177
0c/9b/3d083736f57afc7642ec81cf1d5d,58220,4699
0c/9b/786fbe9f8be63b13e848cd8c9d2d,92040,7177
0c/9b/f65bed3d0a19c5f7b09ba5f0e933,72844,5780
0c/9b/b94a5b4ad666f26fe70ec0553f7b,91210,7117
0c/9b/253d927823b008a52f17f8c80b4b,83372,6549
0c/9b/03502daad499ed0a13660432da3d,94616,7368
0c/9b/1ec2fbf531fd0363e6520e5ea029,129607,9898
0c/9b/38bda3f5a9d03ba86c3925b6251d,75764,6019
0c/9b/4d43fd62f54fef1d40839f76df6a,92040,7177
0c/9b/1abf04d5ae583db7325b9ec3f523,88002,6778
0c/9b/f11584b530abbf2fb2c5507e9bbb,79629,6277
0c/9b/25879a4e4a6ef7b10ebdf9014765,92040,7177
0c/9b/5b2eebbf9cb5800ca69574e13c2a,92040,7177
0c/9b/5cbd8fbeb5b9622e138b9ff5182f,82370,6492
0c/6a/1519f7cad9d3f8f083f6ccabfae5,103169,7989
0c/6a/10ffcd8317a70d25d3d4427100b1,92040,7177
0c/6a/51bf39cc3d29c955c8341e06e654,74861,5928
0c/6a/2966dc8733d5ef89f1edffa5cba9,70859,5635
0c/6a/432d402ffbe7d514bd02fcd97e85,92040,7177
0c/6a/0f0e6bae2b82e8a42e0d510f65c0,92040,7177
0c/6a/ec9130d48b8eb4bdf6a692c618f6,75420,5969
0c/6a/d2299e914ec6384930180e142dfa,92040,7177
0c/6a/7214aef0cfb38935bdb10be0324d,92040,7177
0c/6a/691274a834af05f559b19f37ddb6,68784,5482
0c/6a/0f650ab2286698272631d9bcaa3f,71034,5647
0c/6a/e5f0edb7e7337f76eccdabf8a1c4,55875,4523
0c/6a/f87ad32b9747dd7618d62c3947fb,104577,8000
0c/6a/92a49769ce6c9c73d37b0c63b7da,92040,7177
0c/6a/b6d3d77f79080e4346ce381451e8,88306,6907
0c/6a/f462f53b5206530b25c32ae54913,67604,5395
0c/6a/111082eae01c037f4d3868096ec0,57804,4743
0c/6a/de47aa7c85a0d2517f202eaaef85,31073,2631
0c/6a/3ca676b275f03dc95cb3e4994749,75482,5974
0c/6a/026413c33206669cb43059b44cd4,61359,4932
0c/6a/49a34258f4e9061c668370721bc2,50687,4134
0c/6a/2d337d70965e9346e7942bf04b4e,181139,13556
0c/6a/bd0d2214880f681a7bcf3e81df01,62132,4990
0c/6a/8968eeb0b8ebebad24b4ccc8ba1b,67339,5382
0c/6a/07d58d824b30b3bf3912825de22b,85914,6734
0c/6a/e91527cac235523a8fc63f7b1a49,92040,7177
0c/6a/58ca016f1348981cb8f11d03309d,59061,4761
0c/6a/900911cc2aeda9aaeba0df4e052f,59765,4814
0c/6a/80553894a4a00beee734c85c5cea,105340,8147
0c/6a/b2fdfd4a7b470eeae2b35ce120b6,74252,5890
0c/6a/5536e837d3db85a5fe6a94e8a152,74852,5918
0c/6a/fb7a2819a5795ade394a30fcc9ab,74151,5876
0c/6a/4bc68e624f7530d228c1e98c62d6,92040,7177
0c/6a/693ca1d68506a695c43c827a4afb,92040,7177
0c/6a/1d5f5064aa3e52990191a83a9fce,76813,6071
0c/6a/e9c1beca4f45cb24c8777212391a,53808,4369
0c/6a/05ff2d20f13d12e9eb0360ba1ee7,63782,5122
0c/6a/e4bb266a4f5862cacc3eabe19977,92040,7177
0c/6a/30bb445e054f3e622d0b17edab11,78127,6137
0c/6a/2716590dd386852d1bef4e44aea6,84258,6633
0c/6a/5dc775f8eb943659ac67d600579f,81160,6383
0c/6a/74d8306dd7a8629e0681e5b59248,74252,5890
0c/6a/6d66f53bba1908ec985c7dbbaa60,48224,3948
0c/6a/cad7313810d7896ae6fc2d06b4d9,60806,4891
0c/6a/48e4aa68fbab4432c4930d852314,124865,6509
0c/6a/a8cd1a044425c280973dddc53763,92040,7177
0c/6a/f747cfdaeb5a16332ef7ff4bc93a,62934,5049
0c/6a/fb22a044f9f7b3d246d7aedb3166,92040,7177
0c/6a/ba94e49d8c9328ee8c1945b484c3,92040,7177
0c/6a/6e3d18ca774ca8810d09ca461455,56164,4545
0c/6a/e949492d06285771d6371b4b7229,92040,7177
0c/6a/a8d9f2a7789d9ebc3e3f70002aa2,92040,7177
0c/6a/aeb5f60f37db2c64ef7ee4c35846,92040,7177
0c/6a/c6ddbe4ec32b0facbec1d022bcc8,88657,6926
0c/6a/440291d1db747fbf83e89c98646d,92040,7177
0c/6a/5fa664ea55109aa6d66a58ef8e0b,35063,2941
0c/6a/fa710e8de962a42d4bc4eab2dcfc,69247,5516
0c/6a/e6cc4b92423a627bb014c096d217,77509,6122
0c/6a/7ef9bb847f86065074bd71d13feb,59241,4775
0c/6a/05c5f317afe0a0c9e7bce0b971b8,94606,7367
0c/6a/9f80a06fb3c82b43664f2c4903d7,66151,5275
0c/6a/9f1b5bc53f48fe7fbe072a15a31a,87042,6824
0c/6a/b74957d5250e0220416d8dadd355,92040,7177
0c/6a/c1bdff9268a4f2b5a64459d0df2d,85697,6718
0c/6a/dcd01cec08f61a493b06b053d769,66904,5343
0c/6a/c694d87ed0bd6988742e559295c8,92040,7177
0c/6a/0b1ef827fa13e3ab630aecf949b4,61438,4938
0c/6a/5baf64a5952297c725e6d3d4f438,73303,5814
0c/6a/5287477d8a6dc32c05be955d015f,92040,7177
0c/6a/4e1a2793ba1b1a70189fe1b0ac00,92040,7177
0c/6a/e6b28b021e8bac9b0c1df5973ccf,92040,7177
0c/6a/f64b2de9f5816950ba8dac1c9e9d,61438,4938
0c/6a/0f98a880fc7cf35c9b5ad464ebab,112422,8387
0c/6a/2b2ab1503f116cac4faf0da7e87c,92040,7177
0c/6a/8dac3b32c42e3f1b090edc14d287,66059,5281
0c/6a/b78bbc8a65b5ec63b789534c13e4,92040,7177
0c/6a/d02d1064da508e1de90a0fc7471d,97334,7547
0c/6a/f103a077df13bb818dab48367216,92040,7177
0c/6a/65d01a9ebffd313a6090018af9c6,92040,7177
0c/6a/5b10e09302e49c3e2b4090840918,60418,4862
0c/6a/a068ff7b33f74382f6511d8323d0,100058,7780
0c/6a/b56c76da5adcce3aa42a9d4354dd,92040,7177
0c/6a/46b00206c99d4d16888e2564f81b,78251,6176
0c/6a/735d7e4fdb0b2b30454ba363010f,92040,7177
0c/6a/478c2d9c9454e62fb18a8829bfd7,49602,4052
0c/6a/5b1fa72ffe1c7da07c5c7e09cbfa,81165,6389
0c/6a/098641c1c49eb61dea887b126d49,92040,7177
0c/6a/1ee904c67272b93d1f232e2a40c9,92040,7177
0c/35/37cfb9241dbe6fd2802e884dcd7c,75065,5943
0c/35/f0220f82b0b4db0f33df8e163c5f,87209,6828
0c/35/73f4aae8dbb5624fee34595fc453,92040,7177
0c/35/e8af05c34acbdd7f53880768f2f7,92040,7177
0c/35/d33a03d64ccaed8d157120a2a615,94588,7357
0c/35/997ec91d36cc2d1e26460fdd8968,73347,5817
0c/35/269cafb335e0bcb940e62d702084,73495,5828
0c/35/a246f38bc7136d7cec826bcd59d5,92040,7177
0c/35/241426d76c0dc2f468ed71aee703,53664,4358
0c/35/fb8b504d2316254c92aa77139fe7,88770,6941
0c/35/8787138fb1f3aea6387838d263b9,92040,7177
0c/35/004b62ef690424b97cc91084d727,88495,6921
0c/35/01ff34c46b14465806fe7c4aeca5,75086,6143
0c/35/27c096176c01ce056e19067a1a5a,83696,6573
0c/35/6d6975552672d7bc3c4ca101e535,92040,7177
0c/35/add8fb7c47b9d914249300d90d86,55155,4544
0c/35/1e9a3ca5a8a0d0e4553c06c8cb8d,105299,8154
0c/35/9553ebd7630c8cd013c4d7021854,225322,16641
0c/35/8263f284ce357cf72d86798e9446,57826,4669
0c/35/b08fedd653b1f7a77d0d5eb87625,92040,7177
0c/35/42212395fd41372677a564907f68,92040,7177
0c/35/ffbc9bd79228d87c19a22b8ae6b5,92040,7177
0c/35/988da657dd923963841d5e3b12a6,73028,5794
0c/35/51bea33bd60a415827b7af4bdfdf,92040,7177
0c/35/1f3fd1ffed607dd3d949dd71ecaa,58367,4710
0c/35/f0d7f9ba02b1b35802c26b229fb1,93834,7235
0c/35/d4e8fc60519f9fcf658843078098,92040,7177
0c/35/25d08eefcddf570bfe0f192b4d61,70730,5625
0c/35/5d3ad13925b5a353c9747144aed7,92040,7177
0c/35/98b9266eaed9ffce92f447ddc093,75065,5943
0c/35/adfd271f95e0c0631ad1fb65ab10,51416,4210
0c/35/f2af17dc3ec43dcf1022d574a3f7,92040,7177
0c/35/7f1a13e437a001db015eb45be0e3,92040,7177
0c/35/c06309791ef4a43ad7a9e2d68102,51049,4161
0c/35/5dacd763f823ddf22c0973713d9b,61846,4980
0c/35/ed3c579dad9bedb4468a5507b775,92040,7177
0c/35/697bf70907108025d75f887e7dee,92040,7177
0c/35/15a171c4ff10fdea988c3dcc3faa,92040,7177
0c/35/d2a06b2132e72c62e5fae1f2152d,76667,6059
0c/35/752d9bc3aa786feea9f88ea72b2c,89468,6991
0c/35/cd276f58e4de62732c7daf54d392,157095,11859
0c/35/c164766d34cfe4778e4a7e778867,92040,7177
0c/35/a9a1c618de3365b8e383b8cf336f,56585,4577
0c/35/4ee8992aa3f6d5934d5081e17b24,69213,5513
0c/35/3fc88cad9c33b97a442ade7ccea4,98597,7635
0c/35/3c742803b901bcca0e5b64ef8120,88441,6917
0c/35/216a487047aaaa87698aec9d9c70,37176,3104
0c/35/f302779f324a986c41685048470d,92040,7177
0c/35/7aed6ba678f6781e047956c850a4,66875,5341
0c/35/51ac617382e3cca6b358d2a03366,59148,4768
0c/35/aa8c67f810ee9ed181fb5bba7265,92040,7177
0c/35/32f4b592b320fae64f2fecd6132c,70331,5596
0c/35/bed82719be6de845ceb42be361d5,68021,5427
0c/35/902e0c5ae12dffb1135a404a4826,102854,7825
0c/35/708ab8f73e12021535bc782dc480,86248,6758
0c/35/a5bd8626b57082a4b54aaf4f21e2,92040,7177
0c/35/7f11fad431f2bdeb665d04341681,64470,5163
0c/35/d1388881ad7c326e3dd68f020e3b,70615,5617
0c/35/74efc7f5c51b95d206e7b53949f9,60005,4832
0c/35/958cc2ad8ad8a80bcced76d42f3d,92040,7177
0c/35/767326125d935766a8b65b914598,86369,6765
0c/35/98d739c42a90b81dbfdfa34b8835,89345,6899
0c/35/95e18734f0a15fd68d27f2775bcc,100105,7748
0c/35/d657dfd81d06b136e0d96291983a,92040,7177
0c/35/1c64367bb238921a465d634552a4,90103,7037
0c/35/06b5983e2a7323c5e0335d8026ba,92040,7177
0c/35/44151cbb87a5a039b16b93630b5f,92040,7177
0c/35/e1e97f0cc9ae788080ecf8ee2ce3,65515,5240
0c/35/ca3545f32e50a9371872030951e1,66321,5300
0c/35/2ae8f1e5feaf807267ae8859f2a4,110698,8535
0c/35/4609d9790dd3bb712bb5aa8b669a,92040,7177
0c/35/68a7c8c3fb7aca6e8c9d9b4aaff0,47680,3907
0c/35/dfdec43ac2ec5111315f4b08222a,73101,5810
0c/35/235eb6f1a779d4518843ae2aee22,95996,7502
0c/35/6feb2e9c81d612f24338f5b99c44,80441,6355
0c/35/d72122e57f82b87d741d42a3dcc2,92040,7177
0c/35/e4036c31681b3536802d0f4885ee,92040,7177
0c/35/e6a7a3662aa244eca0edde7e5d3a,73495,5828
0c/35/6fa017518fafbdde329f4c2644ed,92040,7177
0c/35/82683646a1b494310d57cf068cf6,51889,4224
0c/35/83d010a35a966b9d120058bce039,72593,5762
0c/35/d6065cb2d281a41518609fc8238f,92040,7177
0c/35/ba8c6b21e49708a8a1371d7af2f6,85839,6728
0c/35/9fb0223e73b1e851c96c0527402e,92040,7177
0c/35/dae269e6119eff99944adbd0f7b9,92040,7177
0c/35/b9734d13c9a9775fca86698ccb90,66625,5322
0c/35/05636c09839ea043c65ed99d41f6,59700,4809
0c/69/ca6d8d2312ac68bf494651a3dab3,80807,8611
0c/69/a8ec9df615f558950356fdaf941d,36185,3028
0c/69/374307b4fecc25fbce7e8e3ec221,188324,13511
0c/69/bd0a4fbd05873992175fadde430d,59795,4816
0c/69/311e18eecb5ba2c85aea352809cf,59404,4761
0c/69/ccd295334fcdd7a9621982ff3501,92040,7177
0c/69/c62cea08bb08b791856e385f581c,69902,5564
0c/69/1158ce4e575069cf4639ea0f523d,92040,7177
0c/69/c792011d87f48559713becf3cf3f,83003,6522
0c/69/0b11b17ac47ccdf81bdaa909c421,92040,7177
0c/69/84a7d5a0cc3408d0339b4433981a,96084,6601
0c/69/b63a5224beaa1dc004b57d46f8c1,110705,8536
0c/69/5101d4cfebd3d9de389b0d460ae8,71483,5680
0c/69/9a0bb0ecbf4f4144363c082099d7,70245,5589
0c/69/3baae0ec5fe2486294cb26620320,92040,7177
0c/69/d01eb640be6b631faf425eb94a52,84911,6598
0c/69/7a173a69e853398cd443c5147e93,97757,8016
0c/69/0c91faab38759669df4174c7f92f,92040,7177
0c/69/51645c5fdf26247e10e4649ea1a8,60716,4885
0c/69/b19e4722fa7a538c3d45a968a4db,50927,4152
0c/69/cf10b5cd940a9a48979164714813,51560,4200
0c/69/27ca1102f46381a4fc74a292c4c6,92040,7177
0c/69/c79188a8e0677af61d8b5bae96af,50217,4098
0c/69/b51cc21e994c1102ecff4b9ccd69,109793,8470
0c/69/20a0bae77ea5e1e2a1eace541cba,64416,5159
0c/69/330b54d49b2779e0358b45837047,64953,5199
0c/69/7ab7ff85f1060be4392e6f4e9f31,58447,4716
0c/69/dc7064ec914072419ed59b4e1b17,48956,4003
0c/69/e495cf8c59cf1151f08e229f2842,92040,7177
0c/69/84f9158f40825a569b2b869664a9,50309,4105
0c/69/3555659da369f8dfc5542cd88a6d,92040,7177
0c/69/0f81fcb1111642272f8f265632eb,58203,4697
0c/69/cf0ade46758fd81f85b39e0aab84,92040,7177
0c/69/d87241637b197c40ccc1c152ce09,68864,5508
0c/69/54b780db94cda9a7e5727908cf66,86738,6793
0c/69/1ec774979dab7f4dffb613e6d420,86289,6761
0c/69/24e9e43259f09d8d31f2ca8c86b0,83826,6582
0c/69/811b535c128c78fb3df510367c11,36218,3041
0c/69/da08d2053bf520fcea2006efceac,95241,7401
0c/69/8dbf8bebe66814f0098980ccd00b,92040,7177
0c/69/034f22e3a3cd4df330bb5136c567,68615,5469
0c/69/21b8b2cdbebb1164b19e9c7016f0,92040,7177
0c/69/396350db6e9b3cb7b4dc723bf569,92040,7177
0c/69/45d2bcd078e2f360a04dd214c9a8,92040,7177
0c/69/a8c38c961d2a9a739e44f7805637,92040,7177
0c/69/e294ea30f12169b031bdf318ec69,78545,6198
0c/69/09af69db0c913a3fd507b86a72f8,70415,5602
0c/69/89abdb0ca58dbec1227f358c19ba,62393,5009
0c/69/886f666b516323d69cdbc738ab76,64580,5292
0c/69/beadaa23e1bd01c95693d1a59f8f,92040,7177
0c/69/e0852866997e12e0a9e5edb909b9,92040,7177
0c/69/33189143550403b000ff7c1924db,118854,8939
0c/69/b1a222a4537b66afa29f1496ba4a,92040,7177
0c/69/96667eaf9fcf634b1826b456308e,55744,4514
0c/69/5a6164d93b6749cc11e488e0bd8e,92040,7177
0c/69/2d98fb38189a11e053cfb8401fd9,97449,7424
0c/69/2f799e6a2cadbc8194a4b80fecb5,92040,7177
0c/69/7532c4d438255dd5067a0d31d685,92040,7177
0c/69/8980f88649d0fd12ee14895438ca,79866,6294
0c/69/f7b9f3419b23d87978cf47fce979,92040,7177
0c/69/2d2b55a088996d066e053829a077,92040,7177
0c/69/7dcca249d18ea765b40af127a135,92040,7177
0c/69/076456dd0070acd2b330195f2f15,73307,5814
0c/69/1e2a89327f1d00674617d9f55574,92040,7177
0c/69/6da721b680c61607fe5c6b66eceb,90796,6985
0c/69/973e6edb12e1a0afaba7257df851,97449,7424
0c/69/15851ae3a10f20c975c658f16742,41889,3466
0c/69/c3d2ba3768ea4deab9fbe4895e5e,92040,7177
0c/69/4607569f1b8b56cf38530c348be8,92040,7177
0c/69/1544e2c7e6569d9e710357c826c6,92040,7177
0c/69/c77683a7b6fec6ab7657e859bc48,82524,6488
0c/69/25f8d4828baad7669d380198fee9,92040,7177
0c/69/2d8d398eeacc37747e91ca4c81da,36215,3030
0c/69/88d4ff5e9b2816751d43a45923eb,64540,5168
0c/69/691c4f221f5250bbdbea82a6a383,87730,6865
0c/69/1d7c5bcf14db37f155324fccb52a,56752,4589
0c/69/804f1004b32e30c11480f6a2b8f6,92040,7177
0c/69/b0bcb6dc9aca484a2bca0a56bd26,92040,7177
0c/69/8a584f8dec14746e4dff24d717d2,67274,5370
0c/69/f731e2adaeabe723a1db7a7740ee,92040,7177
0c/69/1b587a20224b762cc9cb32ede395,38318,3192
0c/69/6d295f3b415d97dc852aefcd6e38,59294,4779
0c/69/0b5561707cf34fe738a3e90cfbb1,92040,7177
0c/69/782a5b680abe917fa35cdae5a185,118741,9117
0c/69/4fd61dd3a2177b1e582cbb792f61,92040,7177
0c/69/a68d58795999da646208434922f6,59607,4812
0c/69/5e7735d856f643fc9f68e85e5103,92040,7177
0c/69/e1314ae0dd8b742c3f22fb20517d,58593,4733
0c/69/fe741d2b500da7cad0796411b100,64086,5135
0c/69/cd008fcf3131b640a20d5f21eabd,92040,7177
0c/69/5067900835cca9273c99a1c2451d,64826,5190
0c/3c/c319a1ab52aef7be8a2709aa422d,61766,5007
0c/3c/42047586e791f0864c618b098b2a,92040,7177
0c/3c/48a9ddb97343f1efd3aa55f40638,111786,8501
0c/3c/1bcfd28ec610949254508df498f5,57893,4729
0c/3c/85ec4fdcdae4c12a4a666532311d,95716,7433
0c/3c/efa491398739f21e3f412f756e16,106321,8184
0c/3c/cbd31a72c3fa658d4eb86197066b,64398,5154
0c/3c/a735c2ecb15b9a96f6e330c7f530,71291,5666
0c/3c/728be3ed4bd274be3c82298c7f52,92040,7177
0c/3c/7d9c9da4ae131f5ab8e60082d7d6,92040,7177
0c/3c/603c98b73d08e752af5030174001,29607,2516
0c/3c/5129538eac417d2ee306b0e58976,79456,6264
0c/3c/d27827c3871b56348fe12d6b54bd,92040,7177
0c/3c/f915a6287c514d700bb7f953bfb1,92040,7177
0c/3c/c96462528e5c70644791680c10e2,92040,7177
0c/3c/63f741668f4e837a5c445e473f04,90392,7058
0c/3c/d2a5da98f40467bebc44e0f03833,76128,6021
0c/3c/d2ed335bda535616fb583d53d67a,92040,7177
0c/3c/585dd53b3aa57093771bc3a1fb6d,80090,6310
0c/3c/fcfd9ddfeab477ded498a4c806be,92040,7177
